Workbook
Name Rides: #REF!
Name Slicer_Request_Date__Month: #N/A
Name Slicer_Ride_Status: #N/A
Name Slicer_Ride_Type: #N/A
Name Timeline_Request_Date: #N/A

Sheet Overview 

Sheet Operations & Location Analysi

Sheet Driver & Customer Insights
O16: `

Sheet Details
N10: Driver ID | O10: total completed rides
C11: Hour | D11: requests Total | H11: Hour | I11: total rides cacelled | N11: ='Analysis 2 '!D4 -> 210 | O11: ='Analysis 2 '!E4 -> 136
C12: =Analysis!H9 -> 0 | D12: =Analysis!I9 -> 405 | H12: ='Analysis 2 '!A4 -> 0 | I12: ='Analysis 2 '!B4 -> 96 | N12: ='Analysis 2 '!D5 -> 225 | O12: ='Analysis 2 '!E5 -> 128
C13: =Analysis!H10 -> 1 | D13: =Analysis!I10 -> 392 | H13: ='Analysis 2 '!A5 -> 1 | I13: ='Analysis 2 '!B5 -> 88 | N13: ='Analysis 2 '!D6 -> 234 | O13: ='Analysis 2 '!E6 -> 126 | T13: Driver ID | U13: Total Miles covered | V13: Column1
C14: =Analysis!H11 -> 2 | D14: =Analysis!I11 -> 423 | H14: ='Analysis 2 '!A6 -> 2 | I14: ='Analysis 2 '!B6 -> 102 | N14: ='Analysis 2 '!D7 -> 256 | O14: ='Analysis 2 '!E7 -> 126 | T14: ='Analysis 2 '!J6 -> 213 | U14: ='Analysis 2 '!K6 -> 2138.03
C15: =Analysis!H12 -> 3 | D15: =Analysis!I12 -> 420 | H15: ='Analysis 2 '!A7 -> 3 | I15: ='Analysis 2 '!B7 -> 101 | N15: ='Analysis 2 '!D8 -> 240 | O15: ='Analysis 2 '!E8 -> 125 | T15: ='Analysis 2 '!J7 -> 225 | U15: ='Analysis 2 '!K7 -> 1896.53
C16: =Analysis!H13 -> 4 | D16: =Analysis!I13 -> 431 | H16: ='Analysis 2 '!A8 -> 4 | I16: ='Analysis 2 '!B8 -> 98 | N16: ='Analysis 2 '!D9 -> 211 | O16: ='Analysis 2 '!E9 -> 125 | T16: ='Analysis 2 '!J8 -> 240 | U16: ='Analysis 2 '!K8 -> 1856.26
C17: =Analysis!H14 -> 5 | D17: =Analysis!I14 -> 455 | H17: ='Analysis 2 '!A9 -> 5 | I17: ='Analysis 2 '!B9 -> 89 | N17: ='Analysis 2 '!D10 -> 217 | O17: ='Analysis 2 '!E10 -> 125 | T17: ='Analysis 2 '!J9 -> 230 | U17: ='Analysis 2 '!K9 -> 1837.49
C18: =Analysis!H15 -> 6 | D18: =Analysis!I15 -> 408 | H18: ='Analysis 2 '!A10 -> 6 | I18: ='Analysis 2 '!B10 -> 98 | N18: ='Analysis 2 '!D11 -> 230 | O18: ='Analysis 2 '!E11 -> 125 | T18: ='Analysis 2 '!J10 -> 227 | U18: ='Analysis 2 '!K10 -> 1826.38
C19: =Analysis!H16 -> 7 | D19: =Analysis!I16 -> 387 | H19: ='Analysis 2 '!A11 -> 7 | I19: ='Analysis 2 '!B11 -> 96 | N19: ='Analysis 2 '!D12 -> Grand Total | O19: ='Analysis 2 '!E12 -> 1016 | Q19: ='Analysis 2 '!G12 -> 234 | R19: ='Analysis 2 '!H12 -> 5553.4 | T19: ='Analysis 2 '!J11 -> 228 | U19: ='Analysis 2 '!K11 -> 1819.84 | X19: ='Analysis 2 '!M11 -> Brixton | Y19: ='Analysis 2 '!N11 -> 19919.85
C20: =Analysis!H17 -> 8 | D20: =Analysis!I17 -> 416 | H20: ='Analysis 2 '!A12 -> 8 | I20: ='Analysis 2 '!B12 -> 86 | N20: ='Analysis 2 '!D13 -> 0 | O20: ='Analysis 2 '!E13 -> 0 | Q20: ='Analysis 2 '!G13 -> 218 | R20: ='Analysis 2 '!H13 -> 5536.75 | T20: ='Analysis 2 '!J12 -> 248 | U20: ='Analysis 2 '!K12 -> 1796.18 | X20: ='Analysis 2 '!M12 -> Stratford | Y20: ='Analysis 2 '!N12 -> 19631.89
C21: =Analysis!H18 -> 9 | D21: =Analysis!I18 -> 427 | H21: ='Analysis 2 '!A13 -> 9 | I21: ='Analysis 2 '!B13 -> 101 | N21: ='Analysis 2 '!D14 -> 0 | O21: ='Analysis 2 '!E14 -> 0 | T21: ='Analysis 2 '!J13 -> 252 | U21: ='Analysis 2 '!K13 -> 1757.24 | X21: ='Analysis 2 '!M13 -> Waterloo | Y21: ='Analysis 2 '!N13 -> 19411.92
C22: =Analysis!H19 -> 10 | D22: =Analysis!I19 -> 454 | H22: ='Analysis 2 '!A14 -> 10 | I22: ='Analysis 2 '!B14 -> 105 | N22: ='Analysis 2 '!D15 -> 0 | O22: ='Analysis 2 '!E15 -> 0 | T22: ='Analysis 2 '!J14 -> 208 | U22: ='Analysis 2 '!K14 -> 1752.89 | X22: ='Analysis 2 '!M14 -> Canary Wharf | Y22: ='Analysis 2 '!N14 -> 19410.64
C23: =Analysis!H20 -> 11 | D23: =Analysis!I20 -> 403 | H23: ='Analysis 2 '!A15 -> 11 | I23: ='Analysis 2 '!B15 -> 81 | N23: ='Analysis 2 '!D16 -> 0 | O23: ='Analysis 2 '!E16 -> 0 | T23: ='Analysis 2 '!J15 -> 236 | U23: ='Analysis 2 '!K15 -> 1748.27 | X23: ='Analysis 2 '!M15 -> Elephant And Castle | Y23: ='Analysis 2 '!N15 -> 19191.1
C24: =Analysis!H21 -> 12 | D24: =Analysis!I21 -> 437 | H24: ='Analysis 2 '!A16 -> 12 | I24: ='Analysis 2 '!B16 -> 97 | N24: ='Analysis 2 '!D17 -> 0 | O24: ='Analysis 2 '!E17 -> 0 | T24: ='Analysis 2 '!J16 -> 260 | U24: ='Analysis 2 '!K16 -> 1744.74 | X24: ='Analysis 2 '!M16 -> Greenwich | Y24: ='Analysis 2 '!N16 -> 18941.52
C25: =Analysis!H22 -> 13 | D25: =Analysis!I22 -> 404 | H25: ='Analysis 2 '!A17 -> 13 | I25: ='Analysis 2 '!B17 -> 94 | N25: ='Analysis 2 '!D18 -> 0 | O25: ='Analysis 2 '!E18 -> 0 | T25: ='Analysis 2 '!J17 -> 237 | U25: ='Analysis 2 '!K17 -> 1743.24 | X25: ='Analysis 2 '!M17 -> Notting Hill | Y25: ='Analysis 2 '!N17 -> 18230.86
C26: =Analysis!H23 -> 14 | D26: =Analysis!I23 -> 440 | H26: ='Analysis 2 '!A18 -> 14 | I26: ='Analysis 2 '!B18 -> 92 | N26: ='Analysis 2 '!D19 -> 0 | O26: ='Analysis 2 '!E19 -> 0
C27: =Analysis!H24 -> 15 | D27: =Analysis!I24 -> 429 | H27: ='Analysis 2 '!A19 -> 15 | I27: ='Analysis 2 '!B19 -> 94
C28: =Analysis!H25 -> 16 | D28: =Analysis!I25 -> 413 | H28: ='Analysis 2 '!A20 -> 16 | I28: ='Analysis 2 '!B20 -> 107
C29: =Analysis!H26 -> 17 | D29: =Analysis!I26 -> 372 | H29: ='Analysis 2 '!A21 -> 17 | I29: ='Analysis 2 '!B21 -> 77
C30: =Analysis!H27 -> 18 | D30: =Analysis!I27 -> 416 | H30: ='Analysis 2 '!A22 -> 18 | I30: ='Analysis 2 '!B22 -> 90
C31: =Analysis!H28 -> 19 | D31: =Analysis!I28 -> 374 | H31: ='Analysis 2 '!A23 -> 19 | I31: ='Analysis 2 '!B23 -> 80 | N31: Time Category | O31: Total Ride Requests
C32: =Analysis!H29 -> 20 | D32: =Analysis!I29 -> 416 | H32: ='Analysis 2 '!A24 -> 20 | I32: ='Analysis 2 '!B24 -> 92 | N32: =Analysis!K9 -> Afternoon | O32: =Analysis!L9 -> 2123 | T32: cancellation reason | U32: %of total cancellation
C33: =Analysis!H30 -> 21 | D33: =Analysis!I30 -> 445 | H33: ='Analysis 2 '!A25 -> 21 | I33: ='Analysis 2 '!B25 -> 88 | N33: =Analysis!K10 -> Evening | O33: =Analysis!L10 -> 2856 | T33: ='Analysis 2 '!H32 -> Not the same car | U33: ='Analysis 2 '!I32 -> 0.13125
C34: =Analysis!H31 -> 22 | D34: =Analysis!I31 -> 424 | H34: ='Analysis 2 '!A26 -> 22 | I34: ='Analysis 2 '!B26 -> 94 | N34: =Analysis!K11 -> Morning | O34: =Analysis!L11 -> 5021 | T34: ='Analysis 2 '!H28 -> Driver was rude | U34: ='Analysis 2 '!I28 -> 0.14776786
C35: =Analysis!H32 -> 23 | D35: =Analysis!I32 -> 409 | H35: ='Analysis 2 '!A27 -> 23 | I35: ='Analysis 2 '!B27 -> 94 | T35: ='Analysis 2 '!H29 -> Change my mind | U35: ='Analysis 2 '!I29 -> 0.14464286
T36: ='Analysis 2 '!H27 -> Driver asked to cancel | U36: ='Analysis 2 '!I27 -> 0.14821429
T37: ='Analysis 2 '!H30 -> Long wait time | U37: ='Analysis 2 '!I30 -> 0.14285714
T38: ='Analysis 2 '!H26 -> Not the same driver | U38: ='Analysis 2 '!I26 -> 0.15223214
T39: ='Analysis 2 '!H31 -> Accidental request | U39: ='Analysis 2 '!I31 -> 0.13303571
C40: Customer ID1 | D40: Rating
C41: ='Analysis 2 '!V3 -> 1930 | D41: ='Analysis 2 '!W3 -> 5 | H41: Customer ID | I41: Rides | N41: Column1 | O41: Column2
C42: ='Analysis 2 '!V4 -> 1829 | D42: ='Analysis 2 '!W4 -> 5 | H42: ='Analysis 2 '!P5 -> 2139 | I42: ='Analysis 2 '!Q5 -> 14 | N42: ='Analysis 2 '!E26 -> Not the same driver | O42: ='Analysis 2 '!F26 -> 341
C43: ='Analysis 2 '!V5 -> 1522 | D43: ='Analysis 2 '!W5 -> 5 | H43: ='Analysis 2 '!P6 -> 2119 | I43: ='Analysis 2 '!Q6 -> 14 | N43: ='Analysis 2 '!E27 -> Driver asked to cancel | O43: ='Analysis 2 '!F27 -> 332
C44: ='Analysis 2 '!V6 -> 1267 | D44: ='Analysis 2 '!W6 -> 5 | H44: ='Analysis 2 '!P7 -> 1619 | I44: ='Analysis 2 '!Q7 -> 14 | N44: ='Analysis 2 '!E28 -> Driver was rude | O44: ='Analysis 2 '!F28 -> 331 | T44: Driver ID | U44: Total Revenue
C45: ='Analysis 2 '!V7 -> 1919 | D45: ='Analysis 2 '!W7 -> 5 | H45: ='Analysis 2 '!P8 -> 1967 | I45: ='Analysis 2 '!Q8 -> 13 | N45: ='Analysis 2 '!E29 -> Change my mind | O45: ='Analysis 2 '!F29 -> 324 | T45: ='Analysis 2 '!G4 -> 225 | U45: ='Analysis 2 '!H4 -> 6186.42
C46: ='Analysis 2 '!V8 -> 1349 | D46: ='Analysis 2 '!W8 -> 5 | H46: ='Analysis 2 '!P9 -> 1407 | I46: ='Analysis 2 '!Q9 -> 13 | N46: ='Analysis 2 '!E30 -> Long wait time | O46: ='Analysis 2 '!F30 -> 320 | T46: ='Analysis 2 '!G5 -> 230 | U46: ='Analysis 2 '!H5 -> 6129.53
C47: ='Analysis 2 '!V9 -> 1161 | D47: ='Analysis 2 '!W9 -> 5 | H47: ='Analysis 2 '!P10 -> 1984 | I47: ='Analysis 2 '!Q10 -> 13 | N47: ='Analysis 2 '!E31 -> Accidental request | O47: ='Analysis 2 '!F31 -> 298 | T47: ='Analysis 2 '!G6 -> 212 | U47: ='Analysis 2 '!H6 -> 5896.54
C48: ='Analysis 2 '!V10 -> 1357 | D48: ='Analysis 2 '!W10 -> 5 | H48: ='Analysis 2 '!P11 -> 1017 | I48: ='Analysis 2 '!Q11 -> 13 | N48: ='Analysis 2 '!E32 -> Not the same car | O48: ='Analysis 2 '!F32 -> 294 | T48: ='Analysis 2 '!G7 -> 258 | U48: ='Analysis 2 '!H7 -> 5781.38
H49: ='Analysis 2 '!P12 -> 1592 | I49: ='Analysis 2 '!Q12 -> 12 | T49: ='Analysis 2 '!G8 -> 256 | U49: ='Analysis 2 '!H8 -> 5705.23
H50: ='Analysis 2 '!P13 -> 1345 | I50: ='Analysis 2 '!Q13 -> 12 | T50: ='Analysis 2 '!G9 -> 210 | U50: ='Analysis 2 '!H9 -> 5681.57
H51: ='Analysis 2 '!P14 -> 2143 | I51: ='Analysis 2 '!Q14 -> 12 | T51: ='Analysis 2 '!G10 -> 237 | U51: ='Analysis 2 '!H10 -> 5591.67
H52: ='Analysis 2 '!P15 -> 2151 | I52: ='Analysis 2 '!Q15 -> 12 | T52: ='Analysis 2 '!G11 -> 216 | U52: ='Analysis 2 '!H11 -> 5589.16
C53: Ride status | D53: requests | H53: ='Analysis 2 '!P16 -> 1266 | I53: ='Analysis 2 '!Q16 -> 12
C54: ='Analysis 2 '!L26 -> Cancelled | D54: ='Analysis 2 '!M26 -> 2240 | H54: ='Analysis 2 '!P17 -> 1669 | I54: ='Analysis 2 '!Q17 -> 12 | N54: Ride Type | O54: No. of cancellation
C55: ='Analysis 2 '!L27 -> Completed | D55: ='Analysis 2 '!M27 -> 6738 | H55: ='Analysis 2 '!P18 -> 1286 | I55: ='Analysis 2 '!Q18 -> 12 | N55: ='Analysis 2 '!L33 -> UberXL | O55: ='Analysis 2 '!M33 -> 767
C56: ='Analysis 2 '!L28 -> No Driver | D56: ='Analysis 2 '!M28 -> 1022 | H56: ='Analysis 2 '!P19 -> 1687 | I56: ='Analysis 2 '!Q19 -> 12 | N56: ='Analysis 2 '!L34 -> UberX | O56: ='Analysis 2 '!M34 -> 757
H57: ='Analysis 2 '!P20 -> 1633 | I57: ='Analysis 2 '!Q20 -> 12 | N57: ='Analysis 2 '!L35 -> Uber Comfort | O57: ='Analysis 2 '!M35 -> 716
H58: ='Analysis 2 '!P21 -> 1694 | I58: ='Analysis 2 '!Q21 -> 12 | N58: ='Analysis 2 '!L36 -> Grand Total | O58: ='Analysis 2 '!M36 -> 2240 | T58: Location | U58: Revenue
H59: ='Analysis 2 '!P22 -> 1636 | I59: ='Analysis 2 '!Q22 -> 12 | T59: ='Analysis 2 '!M3 -> Oxford Circus | U59: ='Analysis 2 '!N3 -> 22678.96
T60: ='Analysis 2 '!M4 -> King'S Cross | U60: ='Analysis 2 '!N4 -> 21533.45
T61: ='Analysis 2 '!M5 -> Euston | U61: ='Analysis 2 '!N5 -> 21260.91
C62: Pickup Location | D62: Total Revenue | E62: Total Requests | T62: ='Analysis 2 '!M6 -> Camden | U62: ='Analysis 2 '!N6 -> 21159.78
C63: ='Analysis 2 '!L52 -> 0 | D63: ='Analysis 2 '!M52 -> 0 | E63: ='Analysis 2 '!N52 -> 0 | N63: Driver ID | O63: Ratings | T63: ='Analysis 2 '!M7 -> Victoria | U63: ='Analysis 2 '!N7 -> 20845.74
C64: ='Analysis 2 '!L49 -> Paddington | D64: ='Analysis 2 '!M49 -> 20397.23 | E64: ='Analysis 2 '!N49 -> 682 | H64: Time Of Day | I64: Total Completed Rides | J64: %of Completion | N64: ='Analysis 2 '!A32 -> 245 | O64: ='Analysis 2 '!B32 -> 3.4418605 | T64: ='Analysis 2 '!M8 -> London Bridge | U64: ='Analysis 2 '!N8 -> 20583.42
C65: ='Analysis 2 '!L47 -> Victoria | D65: ='Analysis 2 '!M47 -> 20845.74 | E65: ='Analysis 2 '!N47 -> 674 | H65: ='Analysis 2 '!S43 -> Afternoon | I65: ='Analysis 2 '!T43 -> 1424 | J65: ='Analysis 2 '!U43 -> 0.1424 | N65: ='Analysis 2 '!A33 -> 255 | O65: ='Analysis 2 '!B33 -> 3.2571429 | T65: ='Analysis 2 '!M9 -> Paddington | U65: ='Analysis 2 '!N9 -> 20397.23
C66: ='Analysis 2 '!L44 -> King'S Cross | D66: ='Analysis 2 '!M44 -> 21533.45 | E66: ='Analysis 2 '!N44 -> 706 | H66: ='Analysis 2 '!S44 -> Evening | I66: ='Analysis 2 '!T44 -> 1950 | J66: ='Analysis 2 '!U44 -> 0.195 | N66: ='Analysis 2 '!A34 -> 237 | O66: ='Analysis 2 '!B34 -> 3.2222222 | T66: ='Analysis 2 '!M10 -> Shoreditch | U66: ='Analysis 2 '!N10 -> 20079.71
C67: ='Analysis 2 '!L56 -> 0 | D67: ='Analysis 2 '!M56 -> 0 | E67: ='Analysis 2 '!N56 -> 0 | H67: ='Analysis 2 '!S45 -> Morning | I67: ='Analysis 2 '!T45 -> 3364 | J67: ='Analysis 2 '!U45 -> 0.3364 | N67: ='Analysis 2 '!A35 -> 221 | O67: ='Analysis 2 '!B35 -> 3.2150538
C68: ='Analysis 2 '!L50 -> Shoreditch | D68: ='Analysis 2 '!M50 -> 20079.71 | E68: ='Analysis 2 '!N50 -> 651 | H68: ='Analysis 2 '!S46 -> Grand Total | I68: ='Analysis 2 '!T46 -> 6738 | J68: ='Analysis 2 '!U46 -> 0.6738 | N68: ='Analysis 2 '!A36 -> 256 | O68: ='Analysis 2 '!B36 -> 3.2063492
C69: ='Analysis 2 '!L53 -> 0 | D69: ='Analysis 2 '!M53 -> 0 | E69: ='Analysis 2 '!N53 -> 0
C70: ='Analysis 2 '!L54 -> 0 | D70: ='Analysis 2 '!M54 -> 0 | E70: ='Analysis 2 '!N54 -> 0
C71: ='Analysis 2 '!L43 -> Oxford Circus | D71: ='Analysis 2 '!M43 -> 22678.96 | E71: ='Analysis 2 '!N43 -> 730
C72: ='Analysis 2 '!L55 -> 0 | D72: ='Analysis 2 '!M55 -> 0 | E72: ='Analysis 2 '!N55 -> 0 | T72: Customer ID | U72: Revenue
C73: ='Analysis 2 '!L57 -> 0 | D73: ='Analysis 2 '!M57 -> 0 | E73: ='Analysis 2 '!N57 -> 0 | T73: ='Analysis 2 '!S4 -> 2119 | U73: ='Analysis 2 '!T4 -> 700.04
C74: ='Analysis 2 '!L45 -> Euston | D74: ='Analysis 2 '!M45 -> 21260.91 | E74: ='Analysis 2 '!N45 -> 682 | H74: Driver ID | I74: Revenue | J74: Total Miles | K74: Total Completed Rides | L74: Average | M74: Award | T74: ='Analysis 2 '!S5 -> 1676 | U74: ='Analysis 2 '!T5 -> 682.07
C75: ='Analysis 2 '!L46 -> Camden | D75: ='Analysis 2 '!M46 -> 21159.78 | E75: ='Analysis 2 '!N46 -> 657 | H75: ='Analysis 2 '!E56 -> 225 | I75: ='Analysis 2 '!F56 -> 6186.42 | J75: ='Analysis 2 '!G56 -> 1698.7 | K75: ='Analysis 2 '!H56 -> 128 | L75: =AVERAGE(I75,J75,K75) -> 2671.04 | M75: =IF(L75>2450,"Bonus","No Bonus") -> Bonus | T75: ='Analysis 2 '!S6 -> 1687 | U75: ='Analysis 2 '!T6 -> 672.29
C76: ='Analysis 2 '!L48 -> London Bridge | D76: ='Analysis 2 '!M48 -> 20583.42 | E76: ='Analysis 2 '!N48 -> 671 | H76: ='Analysis 2 '!E52 -> 230 | I76: ='Analysis 2 '!F52 -> 6129.53 | J76: ='Analysis 2 '!G52 -> 1710.96 | K76: ='Analysis 2 '!H52 -> 125 | L76: =AVERAGE(I76,J76,K76) -> 2655.1633 | M76: =IF(L76>2450,"Bonus","No Bonus") -> Bonus | T76: ='Analysis 2 '!S7 -> 2143 | U76: ='Analysis 2 '!T7 -> 649.27
C77: ='Analysis 2 '!L51 -> Grand Total | D77: ='Analysis 2 '!M51 -> 168539.2 | E77: ='Analysis 2 '!N51 -> 5453 | H77: ='Analysis 2 '!E39 -> 210 | I77: ='Analysis 2 '!F39 -> 5681.57 | J77: ='Analysis 2 '!G39 -> 2022.95 | K77: ='Analysis 2 '!H39 -> 136 | L77: =AVERAGE(I77,J77,K77) -> 2613.5067 | M77: =IF(L77>2450,"Bonus","No Bonus") -> Bonus | T77: ='Analysis 2 '!S8 -> 1967 | U77: ='Analysis 2 '!T8 -> 646.44
H78: ='Analysis 2 '!E47 -> 212 | I78: ='Analysis 2 '!F47 -> 5896.54 | J78: ='Analysis 2 '!G47 -> 1764.69 | K78: ='Analysis 2 '!H47 -> 122 | L78: =AVERAGE(I78,J78,K78) -> 2594.41 | M78: =IF(L78>2450,"Bonus","No Bonus") -> Bonus | T78: ='Analysis 2 '!S9 -> 1636 | U78: ='Analysis 2 '!T9 -> 628.33
H79: ='Analysis 2 '!E41 -> 258 | I79: ='Analysis 2 '!F41 -> 5781.38 | J79: ='Analysis 2 '!G41 -> 1878.22 | K79: ='Analysis 2 '!H41 -> 122 | L79: =AVERAGE(I79,J79,K79) -> 2593.8667 | M79: =IF(L79>2450,"Bonus","No Bonus") -> Bonus | T79: ='Analysis 2 '!S10 -> 1345 | U79: ='Analysis 2 '!T10 -> 618.56
H80: ='Analysis 2 '!E49 -> 256 | I80: ='Analysis 2 '!F49 -> 5705.23 | J80: ='Analysis 2 '!G49 -> 1751.8 | K80: ='Analysis 2 '!H49 -> 126 | L80: =AVERAGE(I80,J80,K80) -> 2527.6767 | M80: =IF(L80>2450,"Bonus","No Bonus") -> Bonus | T80: ='Analysis 2 '!S11 -> 2139 | U80: ='Analysis 2 '!T11 -> 614.47
H81: ='Analysis 2 '!E43 -> 234 | I81: ='Analysis 2 '!F43 -> 5553.4 | J81: ='Analysis 2 '!G43 -> 1845.3 | K81: ='Analysis 2 '!H43 -> 126 | L81: =AVERAGE(I81,J81,K81) -> 2508.2333 | M81: =IF(L81>2450,"Bonus","No Bonus") -> Bonus | T81: ='Analysis 2 '!S12 -> Grand Total | U81: ='Analysis 2 '!T12 -> 5211.47
H82: ='Analysis 2 '!E40 -> 207 | I82: ='Analysis 2 '!F40 -> 5478.66 | J82: ='Analysis 2 '!G40 -> 1902.18 | K82: ='Analysis 2 '!H40 -> 124 | L82: =AVERAGE(I82,J82,K82) -> 2501.6133 | M82: =IF(L82>2450,"Bonus","No Bonus") -> Bonus
H83: ='Analysis 2 '!E55 -> 237 | I83: ='Analysis 2 '!F55 -> 5591.67 | J83: ='Analysis 2 '!G55 -> 1700.02 | K83: ='Analysis 2 '!H55 -> 117 | L83: =AVERAGE(I83,J83,K83) -> 2469.5633 | M83: =IF(L83>2450,"Bonus","No Bonus") -> Bonus
H84: ='Analysis 2 '!E46 -> 214 | I84: ='Analysis 2 '!F46 -> 5492.66 | J84: ='Analysis 2 '!G46 -> 1773.14 | K84: ='Analysis 2 '!H46 -> 123 | L84: =AVERAGE(I84,J84,K84) -> 2462.9333 | M84: =IF(L84>2450,"Bonus","No Bonus") -> Bonus
H85: ='Analysis 2 '!E57 -> 216 | I85: ='Analysis 2 '!F57 -> 5589.16 | J85: ='Analysis 2 '!G57 -> 1680.01 | K85: ='Analysis 2 '!H57 -> 115 | L85: =AVERAGE(I85,J85,K85) -> 2461.39 | M85: =IF(L85>2450,"Bonus","No Bonus") -> Bonus

Sheet Sheet3
A1: Data returned for Sum of Request_ID, 0, All - All - All (First 1000 rows).
A3: Table2[Request_ID] | B3: Table2[Request_Date] | C3: Table2[Request_Time] | D3: Table2[Hour] | E3: Table2[Time in the Day] | F3: Table2[Column1] | G3: Table2[Pickup_Location] | H3: Table2[Dropoff_Location] | I3: Table2[Ride_Type] | J3: Table2[Driver_ID] | K3: Table2[Ride_Status] | L3: Table2[Fare_GBP] | M3: Table2[Distance_Miles] | N3: Table2[Rating] | O3: Table2[Customer_ID] | P3: Table2[DriversID] | Q3: Table2[Customer_Feedback] | R3: Table2[Cancellation_Reason] | S3: Table2[Driver_Feedback] | T3: Table2[Request_Date (Month)] | U3: Table2[Request_Date (Month Index)]
A4: 99912 | B4: 45787 | C4: 0.0097222222 | D4: 0 | E4: Morning | G4: Greenwich | H4: London Bridge | I4: UberX | J4: 203 | K4: Completed | L4: 8.32 | M4: 8.07 | N4: 1 | O4: 1618 | P4: 223 | Q4: Nice ride | S4: Passenger was calm | T4: May | U4: 5
A5: 99863 | B5: 45673 | C5: 0.022916667 | D5: 0 | E5: Morning | G5: Waterloo | H5: Euston | I5: Uber Comfort | J5: 231 | K5: Cancelled | O5: 1707 | P5: 204 | R5: Not the same driver | T5: Jan | U5: 1
A6: 99604 | B6: 45892 | C6: 0.013194444 | D6: 0 | E6: Morning | G6: Greenwich | H6: Victoria | I6: UberX | J6: 235 | K6: Cancelled | O6: 1999 | P6: 212 | R6: Driver asked to cancel | T6: Aug | U6: 8
A7: 99258 | B7: 45995 | C7: 0.027083333 | D7: 0 | E7: Morning | G7: King'S Cross | H7: Notting Hill | I7: Uber Comfort | J7: 228 | K7: Completed | L7: 29.82 | M7: 17.41 | N7: 1 | O7: 1142 | P7: 250 | Q7: Different driver | S7: Passenger was rude | T7: Dec | U7: 12
A8: 99117 | B8: 45808 | C8: 0 | D8: 0 | E8: Morning | G8: Camden | H8: Stratford | I8: Uber Comfort | J8: 201 | K8: Completed | L8: 74.15 | M8: 3.57 | N8: 5 | O8: 1646 | P8: 230 | Q8: Different driver | S8: Passenger was rude | T8: May | U8: 5
A9: 99017 | B9: 46013 | C9: 0.027083333 | D9: 0 | E9: Morning | G9: Greenwich | H9: Canary Wharf | I9: Uber Comfort | J9: 202 | K9: Completed | L9: 35.8 | M9: 2.91 | N9: 4 | O9: 2036 | P9: 222 | Q9: Different car from app | S9: Passenger was rude | T9: Dec | U9: 12
A10: 98669 | B10: 45875 | C10: 0.03125 | D10: 0 | E10: Morning | G10: Euston | H10: Brixton | I10: UberX | J10: 200 | K10: Cancelled | O10: 1689 | P10: 260 | R10: Change my mind | T10: Aug | U10: 8
A11: 98527 | B11: 45829 | C11: 0.013194444 | D11: 0 | E11: Morning | G11: King'S Cross | H11: Stratford | I11: Uber Comfort | J11: 243 | K11: Completed | L11: 70.49 | M11: 5.55 | N11: 2 | O11: 2100 | P11: 214 | Q11: Driver was rude | S11: Passenger was rude | T11: Jun | U11: 6
A12: 98388 | B12: 45875 | C12: 0.0097222222 | D12: 0 | E12: Morning | G12: Euston | H12: Greenwich | I12: Uber Comfort | J12: 223 | K12: Completed | L12: 49.27 | M12: 6.98 | N12: 4 | O12: 1946 | P12: 215 | Q12: Driver was rude | S12: Passenger was calm | T12: Aug | U12: 8
A13: 98295 | B13: 45947 | C13: 0.033333333 | D13: 0 | E13: Morning | G13: Paddington | H13: Brixton | I13: UberXL | J13: 210 | K13: Completed | L13: 76.18 | M13: 3.68 | N13: 4 | O13: 1781 | P13: 243 | Q13: Different driver | S13: Passenger was calm | T13: Oct | U13: 10
A14: 98173 | B14: 45995 | C14: 0.0027777778 | D14: 0 | E14: Morning | G14: Stratford | H14: Euston | I14: UberXL | J14: 220 | K14: Completed | L14: 4.43 | M14: 3.86 | N14: 2 | O14: 1455 | P14: 255 | Q14: Different car from app | S14: Passenger was calm | T14: Dec | U14: 12
A15: 98048 | B15: 45974 | C15: 0.0048611111 | D15: 0 | E15: Morning | G15: London Bridge | H15: Greenwich | I15: Uber Comfort | J15: 248 | K15: Cancelled | O15: 1275 | P15: 214 | R15: Long wait time | T15: Nov | U15: 11
A16: 97683 | B16: 45949 | C16: 0.0055555556 | D16: 0 | E16: Morning | G16: Euston | H16: Camden | I16: Uber Comfort | J16: 217 | K16: Completed | L16: 19.47 | M16: 15.37 | N16: 1 | O16: 1306 | P16: 217 | Q16: Driver was rude | S16: Passenger was calm | T16: Oct | U16: 10
A17: 97636 | B17: 46000 | C17: 0.0020833333 | D17: 0 | E17: Morning | G17: Paddington | H17: Canary Wharf | I17: UberXL | J17: 249 | K17: Cancelled | O17: 1798 | P17: 214 | R17: Long wait time | T17: Dec | U17: 12
A18: 97131 | B18: 45711 | C18: 0.0041666667 | D18: 0 | E18: Morning | G18: Brixton | H18: King'S Cross | I18: UberXL | J18: 259 | K18: Completed | L18: 77.78 | M18: 14.16 | N18: 3 | O18: 2132 | P18: 222 | Q18: Nice ride | S18: Passenger was calm | T18: Feb | U18: 2
A19: 96898 | B19: 45883 | C19: 0.015277778 | D19: 0 | E19: Morning | G19: Euston | H19: Stratford | I19: UberX | J19: 256 | K19: No Driver | O19: 2012 | P19: 204 | T19: Aug | U19: 8
A20: 96886 | B20: 45854 | C20: 0.034722222 | D20: 0 | E20: Morning | G20: Canary Wharf | H20: King'S Cross | I20: UberX | J20: 204 | K20: Completed | L20: 54.97 | M20: 19.19 | N20: 1 | O20: 1567 | P20: 239 | Q20: Different car from app | S20: Passenger was calm | T20: Jul | U20: 7
A21: 95850 | B21: 45873 | C21: 0.0125 | D21: 0 | E21: Morning | G21: Stratford | H21: King'S Cross | I21: UberXL | J21: 259 | K21: Completed | L21: 15.47 | M21: 7.19 | N21: 3 | O21: 1880 | P21: 225 | Q21: Driver was rude | S21: Passenger was calm | T21: Aug | U21: 8
A22: 95534 | B22: 45694 | C22: 0.014583333 | D22: 0 | E22: Morning | G22: Stratford | H22: Paddington | I22: UberX | J22: 223 | K22: Completed | L22: 73.91 | M22: 5.9 | N22: 5 | O22: 1586 | P22: 253 | Q22: Driver was rude | S22: Passenger was rude | T22: Feb | U22: 2
A23: 95512 | B23: 45702 | C23: 0.034722222 | D23: 0 | E23: Morning | G23: Oxford Circus | H23: Paddington | I23: UberXL | J23: 246 | K23: Cancelled | O23: 1380 | P23: 258 | R23: Change my mind | T23: Feb | U23: 2
A24: 95022 | B24: 45706 | C24: 0.010416667 | D24: 0 | E24: Morning | G24: Shoreditch | H24: Paddington | I24: UberXL | J24: 238 | K24: Completed | L24: 29.45 | M24: 7.8 | N24: 4 | O24: 2006 | P24: 250 | Q24: Different driver | S24: Passenger was rude | T24: Feb | U24: 2
A25: 95008 | B25: 46006 | C25: 0.010416667 | D25: 0 | E25: Morning | G25: Shoreditch | H25: Waterloo | I25: UberXL | J25: 214 | K25: Cancelled | O25: 1098 | P25: 223 | R25: Accidental request | T25: Dec | U25: 12
A26: 94920 | B26: 45667 | C26: 0.013888889 | D26: 0 | E26: Morning | G26: Brixton | H26: Greenwich | I26: Uber Comfort | J26: 208 | K26: Completed | L26: 22.44 | M26: 8.57 | N26: 4 | O26: 1246 | P26: 208 | Q26: Nice ride | S26: Passenger was calm | T26: Jan | U26: 1
A27: 94466 | B27: 45706 | C27: 0.017361111 | D27: 0 | E27: Morning | G27: Waterloo | H27: Notting Hill | I27: UberX | J27: 243 | K27: Completed | L27: 77.37 | M27: 20.96 | N27: 3 | O27: 2077 | P27: 223 | Q27: Nice ride | S27: Passenger was calm | T27: Feb | U27: 2
A28: 94346 | B28: 45935 | C28: 0.026388889 | D28: 0 | E28: Morning | G28: Oxford Circus | H28: Victoria | I28: UberXL | J28: 202 | K28: Completed | L28: 5.03 | M28: 25.04 | N28: 1 | O28: 1648 | P28: 254 | Q28: Driver was rude | S28: Passenger was calm | T28: Oct | U28: 10
A29: 94203 | B29: 45963 | C29: 0.029861111 | D29: 0 | E29: Morning | G29: King'S Cross | H29: Camden | I29: UberXL | J29: 252 | K29: Completed | L29: 34.26 | M29: 5.32 | N29: 3 | O29: 1066 | P29: 253 | Q29: No AC | S29: Passenger was calm | T29: Nov | U29: 11
A30: 93986 | B30: 45727 | C30: 0.0083333333 | D30: 0 | E30: Morning | G30: Camden | H30: Waterloo | I30: Uber Comfort | J30: 239 | K30: Completed | L30: 28.93 | M30: 7.65 | N30: 5 | O30: 1318 | P30: 259 | Q30: Car was bad | S30: Passenger was calm | T30: Mar | U30: 3
A31: 93822 | B31: 46005 | C31: 0.031944444 | D31: 0 | E31: Morning | G31: Waterloo | H31: Canary Wharf | I31: Uber Comfort | J31: 252 | K31: Completed | L31: 67.76 | M31: 25.36 | N31: 5 | O31: 1503 | P31: 222 | Q31: Driver was rude | S31: Passenger was calm | T31: Dec | U31: 12
A32: 93474 | B32: 45934 | C32: 0.033333333 | D32: 0 | E32: Morning | G32: Elephant And Castle | H32: Notting Hill | I32: UberX | J32: 242 | K32: Completed | L32: 46.89 | M32: 6.12 | N32: 1 | O32: 1223 | P32: 225 | Q32: Driver was rude | S32: Passenger was rude | T32: Oct | U32: 10
A33: 93447 | B33: 45760 | C33: 0.00625 | D33: 0 | E33: Morning | G33: Notting Hill | H33: Victoria | I33: Uber Comfort | J33: 212 | K33: Completed | L33: 4.71 | M33: 3.19 | N33: 5 | O33: 1002 | P33: 238 | Q33: Different car from app | S33: Passenger was calm | T33: Apr | U33: 4
A34: 93348 | B34: 45987 | C34: 0.020833333 | D34: 0 | E34: Morning | G34: Paddington | H34: Paddington | I34: Uber Comfort | J34: 235 | K34: Cancelled | O34: 1393 | P34: 233 | R34: Driver asked to cancel | T34: Nov | U34: 11
A35: 93287 | B35: 45724 | C35: 0.0020833333 | D35: 0 | E35: Morning | G35: Brixton | H35: Shoreditch | I35: UberX | J35: 203 | K35: Completed | L35: 32.97 | M35: 13.4 | N35: 2 | O35: 1555 | P35: 258 | Q35: No AC | S35: Passenger was calm | T35: Mar | U35: 3
A36: 93244 | B36: 45934 | C36: 0.039583333 | D36: 0 | E36: Morning | G36: Elephant And Castle | H36: Stratford | I36: UberXL | J36: 252 | K36: Cancelled | O36: 1486 | P36: 204 | R36: Driver was rude | T36: Oct | U36: 10
A37: 93056 | B37: 45939 | C37: 0.016666667 | D37: 0 | E37: Morning | G37: Waterloo | H37: Paddington | I37: Uber Comfort | J37: 254 | K37: Completed | L37: 48.19 | M37: 1.19 | N37: 1 | O37: 1272 | P37: 250 | Q37: Driver was rude | S37: Passenger was rude | T37: Oct | U37: 10
A38: 92749 | B38: 45675 | C38: 0.022916667 | D38: 0 | E38: Morning | G38: Paddington | H38: Notting Hill | I38: Uber Comfort | J38: 241 | K38: Cancelled | O38: 1216 | P38: 225 | R38: Not the same driver | T38: Jan | U38: 1
A39: 92701 | B39: 45915 | C39: 0.024305556 | D39: 0 | E39: Morning | G39: Victoria | H39: Camden | I39: Uber Comfort | J39: 225 | K39: Cancelled | O39: 1639 | P39: 259 | R39: Driver asked to cancel | T39: Sep | U39: 9
A40: 92644 | B40: 45698 | C40: 0.033333333 | D40: 0 | E40: Morning | G40: King'S Cross | H40: Victoria | I40: UberXL | J40: 227 | K40: Completed | L40: 57.59 | M40: 27.34 | N40: 5 | O40: 1402 | P40: 217 | Q40: Car was bad | S40: Passenger was calm | T40: Feb | U40: 2
A41: 92582 | B41: 45935 | C41: 0.01875 | D41: 0 | E41: Morning | G41: Stratford | H41: Shoreditch | I41: UberXL | J41: 225 | K41: Cancelled | O41: 1518 | P41: 242 | R41: Change my mind | T41: Oct | U41: 10
A42: 92573 | B42: 45760 | C42: 0.018055556 | D42: 0 | E42: Morning | G42: King'S Cross | H42: Paddington | I42: UberX | J42: 229 | K42: Completed | L42: 46.49 | M42: 12.88 | N42: 2 | O42: 2131 | P42: 216 | Q42: Car was bad | S42: Passenger was calm | T42: Apr | U42: 4
A43: 92259 | B43: 45825 | C43: 0.038888889 | D43: 0 | E43: Morning | G43: Oxford Circus | H43: Euston | I43: Uber Comfort | J43: 217 | K43: Cancelled | O43: 1924 | P43: 228 | R43: Long wait time | T43: Jun | U43: 6
A44: 91770 | B44: 45739 | C44: 0.0041666667 | D44: 0 | E44: Morning | G44: Elephant And Castle | H44: Oxford Circus | I44: Uber Comfort | J44: 243 | K44: Completed | L44: 19.44 | M44: 25.06 | N44: 1 | O44: 1587 | P44: 237 | Q44: Car was bad | S44: Passenger was calm | T44: Mar | U44: 3
A45: 91438 | B45: 45985 | C45: 0.026388889 | D45: 0 | E45: Morning | G45: Stratford | H45: Paddington | I45: UberX | J45: 247 | K45: Cancelled | O45: 1733 | P45: 254 | R45: Not the same car | T45: Nov | U45: 11
A46: 91147 | B46: 45858 | C46: 0.031944444 | D46: 0 | E46: Morning | G46: King'S Cross | H46: Brixton | I46: UberXL | J46: 205 | K46: Cancelled | O46: 1455 | P46: 232 | R46: Driver was rude | T46: Jul | U46: 7
A47: 90991 | B47: 45978 | C47: 0.011111111 | D47: 0 | E47: Morning | G47: Brixton | H47: King'S Cross | I47: Uber Comfort | J47: 211 | K47: No Driver | O47: 1171 | P47: 246 | T47: Nov | U47: 11
A48: 90511 | B48: 45981 | C48: 0.024305556 | D48: 0 | E48: Morning | G48: London Bridge | H48: Stratford | I48: Uber Comfort | J48: 226 | K48: No Driver | O48: 1455 | P48: 252 | T48: Nov | U48: 11
A49: 89808 | B49: 45779 | C49: 0.018055556 | D49: 0 | E49: Morning | G49: Shoreditch | H49: Notting Hill | I49: UberX | J49: 251 | K49: Completed | L49: 19.71 | M49: 23.53 | N49: 2 | O49: 1991 | P49: 249 | Q49: Different driver | S49: Passenger was calm | T49: May | U49: 5
A50: 89738 | B50: 45793 | C50: 0.036805556 | D50: 0 | E50: Morning | G50: Stratford | H50: Notting Hill | I50: UberX | J50: 260 | K50: Completed | L50: 84.05 | M50: 12.9 | N50: 3 | O50: 2079 | P50: 255 | Q50: Car was bad | S50: Passenger was rude | T50: May | U50: 5
A51: 89367 | B51: 45662 | C51: 0.040972222 | D51: 0 | E51: Morning | G51: Victoria | H51: Shoreditch | I51: UberX | J51: 256 | K51: Completed | L51: 68.75 | M51: 21.31 | N51: 3 | O51: 1683 | P51: 232 | Q51: Nice ride | S51: Passenger was calm | T51: Jan | U51: 1
A52: 89109 | B52: 45763 | C52: 0.01875 | D52: 0 | E52: Morning | G52: Shoreditch | H52: Elephant And Castle | I52: UberX | J52: 250 | K52: Cancelled | O52: 1964 | P52: 240 | R52: Change my mind | T52: Apr | U52: 4
A53: 89091 | B53: 45911 | C53: 0.016666667 | D53: 0 | E53: Morning | G53: Notting Hill | H53: Euston | I53: Uber Comfort | J53: 258 | K53: Completed | L53: 47.76 | M53: 22.12 | N53: 5 | O53: 1745 | P53: 252 | Q53: Different car from app | S53: Passenger was rude | T53: Sep | U53: 9
A54: 88889 | B54: 45719 | C54: 0.01875 | D54: 0 | E54: Morning | G54: Euston | H54: Euston | I54: UberX | J54: 226 | K54: Completed | L54: 74.44 | M54: 25.21 | N54: 1 | O54: 2033 | P54: 236 | Q54: Car was bad | S54: Passenger was calm | T54: Mar | U54: 3
A55: 88874 | B55: 45674 | C55: 0.0125 | D55: 0 | E55: Morning | G55: King'S Cross | H55: Canary Wharf | I55: UberXL | J55: 244 | K55: Completed | L55: 78.65 | M55: 7.92 | N55: 5 | O55: 1608 | P55: 252 | Q55: Nice ride | S55: Passenger was rude | T55: Jan | U55: 1
A56: 88727 | B56: 45874 | C56: 0.033333333 | D56: 0 | E56: Morning | G56: Greenwich | H56: Greenwich | I56: UberX | J56: 215 | K56: Cancelled | O56: 1291 | P56: 216 | R56: Long wait time | T56: Aug | U56: 8
A57: 88719 | B57: 45957 | C57: 0.034027778 | D57: 0 | E57: Morning | G57: Notting Hill | H57: Greenwich | I57: UberXL | J57: 219 | K57: Completed | L57: 55.22 | M57: 9.18 | N57: 1 | O57: 1906 | P57: 207 | Q57: Nice ride | S57: Passenger was rude | T57: Oct | U57: 10
A58: 88709 | B58: 45749 | C58: 0.040277778 | D58: 0 | E58: Morning | G58: Camden | H58: Euston | I58: UberXL | J58: 232 | K58: Cancelled | O58: 2052 | P58: 250 | R58: Accidental request | T58: Apr | U58: 4
A59: 88536 | B59: 45703 | C59: 0.039583333 | D59: 0 | E59: Morning | G59: Camden | H59: Canary Wharf | I59: UberX | J59: 235 | K59: Completed | L59: 64.91 | M59: 4.97 | N59: 2 | O59: 1446 | P59: 230 | Q59: Nice ride | S59: Passenger was rude | T59: Feb | U59: 2
A60: 88527 | B60: 45783 | C60: 0.013888889 | D60: 0 | E60: Morning | G60: Waterloo | H60: Euston | I60: UberXL | J60: 206 | K60: Completed | L60: 40.99 | M60: 7.2 | N60: 4 | O60: 1642 | P60: 245 | Q60: Driver was rude | S60: Passenger was rude | T60: May | U60: 5
A61: 88130 | B61: 45879 | C61: 0.019444444 | D61: 0 | E61: Morning | G61: Canary Wharf | H61: Paddington | I61: UberXL | J61: 204 | K61: Cancelled | O61: 1502 | P61: 238 | R61: Long wait time | T61: Aug | U61: 8
A62: 87906 | B62: 45989 | C62: 0.035416667 | D62: 0 | E62: Morning | G62: Elephant And Castle | H62: Stratford | I62: UberX | J62: 217 | K62: Completed | L62: 18.17 | M62: 8.95 | N62: 3 | O62: 1840 | P62: 217 | Q62: No AC | S62: Passenger was rude | T62: Nov | U62: 11
A63: 87283 | B63: 45854 | C63: 0.027777778 | D63: 0 | E63: Morning | G63: Oxford Circus | H63: Euston | I63: Uber Comfort | J63: 235 | K63: Completed | L63: 12.54 | M63: 9.64 | N63: 1 | O63: 1056 | P63: 245 | Q63: Different driver | S63: Passenger was calm | T63: Jul | U63: 7
A64: 86545 | B64: 45721 | C64: 0.017361111 | D64: 0 | E64: Morning | G64: Oxford Circus | H64: Euston | I64: UberXL | J64: 202 | K64: Completed | L64: 31.42 | M64: 21.22 | N64: 2 | O64: 1962 | P64: 209 | Q64: Different car from app | S64: Passenger was rude | T64: Mar | U64: 3
A65: 86448 | B65: 45724 | C65: 0.0041666667 | D65: 0 | E65: Morning | G65: Oxford Circus | H65: Victoria | I65: Uber Comfort | J65: 228 | K65: Completed | L65: 68.42 | M65: 11.56 | N65: 3 | O65: 1234 | P65: 239 | Q65: Different car from app | S65: Passenger was rude | T65: Mar | U65: 3
A66: 86403 | B66: 45961 | C66: 0.035416667 | D66: 0 | E66: Morning | G66: Elephant And Castle | H66: Paddington | I66: UberXL | J66: 206 | K66: Completed | L66: 65.65 | M66: 17.13 | N66: 1 | O66: 2183 | P66: 224 | Q66: Car was bad | S66: Passenger was calm | T66: Oct | U66: 10
A67: 86019 | B67: 45874 | C67: 0.013888889 | D67: 0 | E67: Morning | G67: Canary Wharf | H67: Camden | I67: UberX | J67: 225 | K67: Completed | L67: 60.4 | M67: 21.6 | N67: 1 | O67: 2123 | P67: 256 | Q67: Driver was rude | S67: Passenger was calm | T67: Aug | U67: 8
A68: 85742 | B68: 45767 | C68: 0.027083333 | D68: 0 | E68: Morning | G68: Paddington | H68: Greenwich | I68: UberX | J68: 212 | K68: Completed | L68: 37.71 | M68: 18.86 | N68: 1 | O68: 2063 | P68: 208 | Q68: Driver was rude | S68: Passenger was rude | T68: Apr | U68: 4
A69: 85716 | B69: 45929 | C69: 0.028472222 | D69: 0 | E69: Morning | G69: Shoreditch | H69: Brixton | I69: UberXL | J69: 207 | K69: Completed | L69: 68.72 | M69: 22.64 | N69: 5 | O69: 1514 | P69: 204 | Q69: Different car from app | S69: Passenger was calm | T69: Sep | U69: 9
A70: 85708 | B70: 45798 | C70: 0.038888889 | D70: 0 | E70: Morning | G70: Victoria | H70: King'S Cross | I70: Uber Comfort | J70: 214 | K70: Completed | L70: 70.66 | M70: 1.43 | N70: 1 | O70: 1573 | P70: 217 | Q70: Different car from app | S70: Passenger was calm | T70: May | U70: 5
A71: 85638 | B71: 45961 | C71: 0.033333333 | D71: 0 | E71: Morning | G71: Paddington | H71: Elephant And Castle | I71: Uber Comfort | J71: 208 | K71: Completed | L71: 70.39 | M71: 19.29 | N71: 2 | O71: 1592 | P71: 234 | Q71: Car was bad | S71: Passenger was calm | T71: Oct | U71: 10
A72: 85261 | B72: 45705 | C72: 0.0083333333 | D72: 0 | E72: Morning | G72: Shoreditch | H72: Stratford | I72: UberX | J72: 227 | K72: Completed | L72: 79.78 | M72: 15.25 | N72: 3 | O72: 1721 | P72: 230 | Q72: Driver was rude | S72: Passenger was rude | T72: Feb | U72: 2
A73: 85255 | B73: 45924 | C73: 0.0090277778 | D73: 0 | E73: Morning | G73: Stratford | H73: Camden | I73: UberX | J73: 218 | K73: Cancelled | O73: 2097 | P73: 211 | R73: Not the same driver | T73: Sep | U73: 9
A74: 85112 | B74: 45891 | C74: 0.03125 | D74: 0 | E74: Morning | G74: Brixton | H74: Greenwich | I74: Uber Comfort | J74: 215 | K74: Completed | L74: 58.84 | M74: 25.67 | N74: 5 | O74: 1220 | P74: 228 | Q74: Different car from app | S74: Passenger was rude | T74: Aug | U74: 8
A75: 85015 | B75: 46017 | C75: 0.040972222 | D75: 0 | E75: Morning | G75: Waterloo | H75: Greenwich | I75: UberX | J75: 222 | K75: Completed | L75: 25.79 | M75: 18.45 | N75: 1 | O75: 1401 | P75: 244 | Q75: Different car from app | S75: Passenger was rude | T75: Dec | U75: 12
A76: 85013 | B76: 45803 | C76: 0.034722222 | D76: 0 | E76: Morning | G76: Shoreditch | H76: Canary Wharf | I76: UberXL | J76: 223 | K76: Completed | L76: 35.5 | M76: 25.25 | N76: 4 | O76: 2034 | P76: 232 | Q76: Driver was rude | S76: Passenger was rude | T76: May | U76: 5
A77: 84945 | B77: 45726 | C77: 0.010416667 | D77: 0 | E77: Morning | G77: Paddington | H77: Shoreditch | I77: Uber Comfort | J77: 221 | K77: Completed | L77: 31.59 | M77: 2.49 | N77: 1 | O77: 1600 | P77: 238 | Q77: No AC | S77: Passenger was rude | T77: Mar | U77: 3
A78: 84875 | B78: 45668 | C78: 0.020833333 | D78: 0 | E78: Morning | G78: Oxford Circus | H78: Greenwich | I78: Uber Comfort | J78: 253 | K78: Completed | L78: 65.3 | M78: 26.54 | N78: 1 | O78: 1674 | P78: 206 | Q78: Driver was rude | S78: Passenger was calm | T78: Jan | U78: 1
A79: 84622 | B79: 45981 | C79: 0.020833333 | D79: 0 | E79: Morning | G79: King'S Cross | H79: Elephant And Castle | I79: UberXL | J79: 224 | K79: No Driver | O79: 1195 | P79: 202 | T79: Nov | U79: 11
A80: 84491 | B80: 45682 | C80: 0.011805556 | D80: 0 | E80: Morning | G80: Shoreditch | H80: Camden | I80: UberX | J80: 224 | K80: Completed | L80: 24.67 | M80: 15.42 | N80: 1 | O80: 1125 | P80: 213 | Q80: Driver was rude | S80: Passenger was rude | T80: Jan | U80: 1
A81: 84276 | B81: 45838 | C81: 0.020138889 | D81: 0 | E81: Morning | G81: Brixton | H81: London Bridge | I81: UberXL | J81: 202 | K81: Completed | L81: 32.31 | M81: 10.46 | N81: 4 | O81: 1151 | P81: 231 | Q81: Different car from app | S81: Passenger was calm | T81: Jun | U81: 6
A82: 84082 | B82: 45976 | C82: 0.0097222222 | D82: 0 | E82: Morning | G82: Notting Hill | H82: Euston | I82: UberXL | J82: 230 | K82: Completed | L82: 19.42 | M82: 18.75 | N82: 3 | O82: 1544 | P82: 246 | Q82: Driver was rude | S82: Passenger was calm | T82: Nov | U82: 11
A83: 83903 | B83: 45754 | C83: 0.01875 | D83: 0 | E83: Morning | G83: Victoria | H83: Waterloo | I83: Uber Comfort | J83: 201 | K83: No Driver | O83: 2148 | P83: 226 | T83: Apr | U83: 4
A84: 83814 | B84: 45863 | C84: 0.040277778 | D84: 0 | E84: Morning | G84: London Bridge | H84: Euston | I84: Uber Comfort | J84: 223 | K84: Completed | L84: 26.49 | M84: 15.46 | N84: 4 | O84: 1282 | P84: 244 | Q84: Different car from app | S84: Passenger was rude | T84: Jul | U84: 7
A85: 83616 | B85: 45991 | C85: 0.028472222 | D85: 0 | E85: Morning | G85: Canary Wharf | H85: Oxford Circus | I85: UberX | J85: 244 | K85: Completed | L85: 32.35 | M85: 5.65 | N85: 4 | O85: 1499 | P85: 246 | Q85: No AC | S85: Passenger was rude | T85: Nov | U85: 11
A86: 83604 | B86: 45767 | C86: 0.0020833333 | D86: 0 | E86: Morning | G86: Notting Hill | H86: Canary Wharf | I86: UberX | J86: 237 | K86: Completed | L86: 44.61 | M86: 9.18 | N86: 3 | O86: 1941 | P86: 227 | Q86: Different car from app | S86: Passenger was calm | T86: Apr | U86: 4
A87: 83258 | B87: 45696 | C87: 0.020138889 | D87: 0 | E87: Morning | G87: Oxford Circus | H87: Euston | I87: UberXL | J87: 216 | K87: Completed | L87: 38.38 | M87: 24.83 | N87: 5 | O87: 1983 | P87: 237 | Q87: Nice ride | S87: Passenger was calm | T87: Feb | U87: 2
A88: 83130 | B88: 45983 | C88: 0.0069444444 | D88: 0 | E88: Morning | G88: King'S Cross | H88: King'S Cross | I88: Uber Comfort | J88: 209 | K88: Completed | L88: 69.51 | M88: 23.05 | N88: 5 | O88: 1004 | P88: 250 | Q88: Different driver | S88: Passenger was calm | T88: Nov | U88: 11
A89: 83099 | B89: 45945 | C89: 0.0027777778 | D89: 0 | E89: Morning | G89: Shoreditch | H89: Brixton | I89: Uber Comfort | J89: 233 | K89: Completed | L89: 84.81 | M89: 17.11 | N89: 3 | O89: 1192 | P89: 247 | Q89: No AC | S89: Passenger was calm | T89: Oct | U89: 10
A90: 82998 | B90: 45868 | C90: 0.031944444 | D90: 0 | E90: Morning | G90: London Bridge | H90: Brixton | I90: UberXL | J90: 209 | K90: Completed | L90: 15.82 | M90: 16.79 | N90: 2 | O90: 1263 | P90: 236 | Q90: Driver was rude | S90: Passenger was rude | T90: Jul | U90: 7
A91: 82992 | B91: 45864 | C91: 0.018055556 | D91: 0 | E91: Morning | G91: Euston | H91: Stratford | I91: UberX | J91: 239 | K91: Completed | L91: 63.09 | M91: 6.98 | N91: 4 | O91: 2045 | P91: 201 | Q91: Different driver | S91: Passenger was rude | T91: Jul | U91: 7
A92: 82348 | B92: 45833 | C92: 0.010416667 | D92: 0 | E92: Morning | G92: Shoreditch | H92: King'S Cross | I92: Uber Comfort | J92: 253 | K92: No Driver | O92: 1476 | P92: 245 | T92: Jun | U92: 6
A93: 81978 | B93: 45882 | C93: 0.0097222222 | D93: 0 | E93: Morning | G93: King'S Cross | H93: Paddington | I93: UberX | J93: 218 | K93: Completed | L93: 33.89 | M93: 27.62 | N93: 2 | O93: 1078 | P93: 221 | Q93: Different driver | S93: Passenger was calm | T93: Aug | U93: 8
A94: 81692 | B94: 45798 | C94: 0.038194444 | D94: 0 | E94: Morning | G94: Shoreditch | H94: Victoria | I94: UberX | J94: 215 | K94: Completed | L94: 40.22 | M94: 2.71 | N94: 5 | O94: 1928 | P94: 226 | Q94: Different car from app | S94: Passenger was calm | T94: May | U94: 5
A95: 80899 | B95: 45984 | C95: 0.013888889 | D95: 0 | E95: Morning | G95: Elephant And Castle | H95: Oxford Circus | I95: UberX | J95: 256 | K95: Cancelled | O95: 1917 | P95: 202 | R95: Not the same driver | T95: Nov | U95: 11
A96: 80858 | B96: 45990 | C96: 0.024305556 | D96: 0 | E96: Morning | G96: Stratford | H96: Camden | I96: UberX | J96: 212 | K96: Completed | L96: 74.36 | M96: 12.92 | N96: 4 | O96: 1556 | P96: 244 | Q96: Different driver | S96: Passenger was rude | T96: Nov | U96: 11
A97: 80564 | B97: 45924 | C97: 0.024305556 | D97: 0 | E97: Morning | G97: Paddington | H97: Victoria | I97: UberX | J97: 254 | K97: Cancelled | O97: 2109 | P97: 260 | R97: Driver asked to cancel | T97: Sep | U97: 9
A98: 80487 | B98: 45848 | C98: 0.036111111 | D98: 0 | E98: Morning | G98: Brixton | H98: Paddington | I98: UberX | J98: 201 | K98: Completed | L98: 73.67 | M98: 15.76 | N98: 2 | O98: 1012 | P98: 239 | Q98: Different driver | S98: Passenger was rude | T98: Jul | U98: 7
A99: 80105 | B99: 46005 | C99: 0.033333333 | D99: 0 | E99: Morning | G99: London Bridge | H99: Shoreditch | I99: UberXL | J99: 246 | K99: Completed | L99: 74.39 | M99: 21.96 | N99: 3 | O99: 1457 | P99: 204 | Q99: Different driver | S99: Passenger was rude | T99: Dec | U99: 12
A100: 80095 | B100: 45666 | C100: 0.015972222 | D100: 0 | E100: Morning | G100: Euston | H100: Shoreditch | I100: Uber Comfort | J100: 210 | K100: Completed | L100: 45.8 | M100: 13.52 | N100: 4 | O100: 1961 | P100: 224 | Q100: Different car from app | S100: Passenger was calm | T100: Jan | U100: 1
A101: 79836 | B101: 45994 | C101: 0.010416667 | D101: 0 | E101: Morning | G101: Euston | H101: Paddington | I101: UberXL | J101: 238 | K101: Completed | L101: 79.25 | M101: 8.49 | N101: 2 | O101: 1488 | P101: 251 | Q101: Car was bad | S101: Passenger was rude | T101: Dec | U101: 12
...

Sheet Analysis
A3: Count of Request_ID | B3: Distinct Count of Customer_ID | C3: Distinct Count of DriversID | D3: Average of Rating
A4: 10000 | B4: 1201 | C4: 61 | D4: 2.9909469
A6: Row Labels | B6: Count of Request_ID
A7: Cancelled | B7: 2240
A8: Completed | B8: 6738 | C8: =GETPIVOTDATA("[Measures].[Sum of Revenue]",$A$3)/GETPIVOTDATA("[Measures].[Count of Request_ID]",$A$6,"[Table2].[Ride_Status]","[Table2].[Ride_Status].&[Completed]") -> #REF! | E8: Row Labels | F8: Count of Request_ID | H8: Row Labels | I8: Count of Request_ID | K8: Row Labels | L8: Count of Request_ID
A9: No Driver | B9: 1022 | E9: Jan | F9: 806 | H9: 0 | I9: 405 | K9: Afternoon | L9: 2123
A10: Grand Total | B10: 10000 | E10: Feb | F10: 776 | H10: 1 | I10: 392 | K10: Evening | L10: 2856
E11: Mar | F11: 866 | H11: 2 | I11: 423 | K11: Morning | L11: 5021
A12: Row Labels | B12: Count of Request_ID | E12: Apr | F12: 829 | H12: 3 | I12: 420
A13: Cancelled | B13: 0.224 | E13: May | F13: 783 | H13: 4 | I13: 431
A14: Completed | B14: 0.6738 | E14: Jun | F14: 835 | H14: 5 | I14: 455 | K14: Row Labels | L14: Count of Request_ID
A15: No Driver | B15: 0.1022 | E15: Jul | F15: 891 | H15: 6 | I15: 408 | K15: Afternoon | L15: 2123
E16: Aug | F16: 809 | H16: 7 | I16: 387 | K16: Evening | L16: 2856
A17: Row Labels | B17: Count of Request_ID | E17: Sep | F17: 790 | H17: 8 | I17: 416 | K17: Morning | L17: 5021
A18: Afternoon | B18: 2123 | E18: Oct | F18: 869 | H18: 9 | I18: 427
A19: 12 | B19: 437 | E19: Nov | F19: 872 | H19: 10 | I19: 454
A20: 13 | B20: 404 | E20: Dec | F20: 874 | H20: 11 | I20: 403
A21: 14 | B21: 440 | H21: 12 | I21: 437
A22: 15 | B22: 429 | D22: Row Labels | E22: Count of Request_ID | H22: 13 | I22: 404
A23: 16 | B23: 413 | D23: Victoria | E23: 674 | H23: 14 | I23: 440
A24: Evening | B24: 2856 | D24: Paddington | E24: 682 | H24: 15 | I24: 429 | N24: Count of Request_ID
A25: 17 | B25: 372 | D25: Euston | E25: 682 | H25: 16 | I25: 413 | N25: 10000
A26: 18 | B26: 416 | D26: King'S Cross | E26: 706 | H26: 17 | I26: 372
A27: 19 | B27: 374 | D27: Oxford Circus | E27: 730 | H27: 18 | I27: 416
A28: 20 | B28: 416 | H28: 19 | I28: 374
A29: 21 | B29: 445 | D29: Row Labels | E29: Sum of Fare_GBP | H29: 20 | I29: 416
A30: 22 | B30: 424 | D30: Uber Comfort | E30: 98543.09 | H30: 21 | I30: 445
A31: 23 | B31: 409 | D31: UberXL | E31: 101130.96 | H31: 22 | I31: 424
A32: Morning | B32: 5021 | D32: UberX | E32: 103602.93 | H32: 23 | I32: 409
A33: 0 | B33: 405 | I33: =SUM(I9:I32) -> 10000
A34: 1 | B34: 392
A35: 2 | B35: 423
A36: 3 | B36: 420
A37: 4 | B37: 431
A38: 5 | B38: 455 | D38: Sum of Fare_GBP
A39: 6 | B39: 408 | D39: 303276.98
A40: 7 | B40: 387
A41: 8 | B41: 416
A42: 9 | B42: 427
A43: 10 | B43: 454
A44: 11 | B44: 403

Sheet Analysis 2 
A1: Ride_Status | B1: Cancelled | D1: Ride_Status | E1: Completed
M2: Row Labels | N2: Sum of Fare_GBP | P2: Ride_Status | Q2: Completed | V2: Row Labels | W2: Average of Rating
A3: Row Labels | B3: Count of Request_ID | D3: Row Labels | E3: Count of Request_ID | G3: Row Labels | H3: Sum of Fare_GBP | M3: Oxford Circus | N3: 22678.96 | S3: Row Labels | T3: Sum of Fare_GBP | V3: 1930 | W3: 5
A4: 0 | B4: 96 | D4: 210 | E4: 136 | G4: 225 | H4: 6186.42 | M4: King'S Cross | N4: 21533.45 | P4: Row Labels | Q4: Count of Fare_GBP | S4: 2119 | T4: 700.04 | V4: 1829 | W4: 5
A5: 1 | B5: 88 | D5: 225 | E5: 128 | G5: 230 | H5: 6129.53 | J5: Row Labels | K5: Sum of Distance_Miles | M5: Euston | N5: 21260.91 | P5: 2139 | Q5: 14 | S5: 1676 | T5: 682.07 | V5: 1522 | W5: 5
A6: 2 | B6: 102 | D6: 234 | E6: 126 | G6: 212 | H6: 5896.54 | J6: 213 | K6: 2138.03 | M6: Camden | N6: 21159.78 | P6: 2119 | Q6: 14 | S6: 1687 | T6: 672.29 | V6: 1267 | W6: 5
A7: 3 | B7: 101 | D7: 256 | E7: 126 | G7: 258 | H7: 5781.38 | J7: 225 | K7: 1896.53 | M7: Victoria | N7: 20845.74 | P7: 1619 | Q7: 14 | S7: 2143 | T7: 649.27 | V7: 1919 | W7: 5
A8: 4 | B8: 98 | D8: 240 | E8: 125 | G8: 256 | H8: 5705.23 | J8: 240 | K8: 1856.26 | M8: London Bridge | N8: 20583.42 | P8: 1967 | Q8: 13 | S8: 1967 | T8: 646.44 | V8: 1349 | W8: 5
A9: 5 | B9: 89 | D9: 211 | E9: 125 | G9: 210 | H9: 5681.57 | J9: 230 | K9: 1837.49 | M9: Paddington | N9: 20397.23 | P9: 1407 | Q9: 13 | S9: 1636 | T9: 628.33 | V9: 1161 | W9: 5
A10: 6 | B10: 98 | D10: 217 | E10: 125 | G10: 237 | H10: 5591.67 | J10: 227 | K10: 1826.38 | M10: Shoreditch | N10: 20079.71 | P10: 1984 | Q10: 13 | S10: 1345 | T10: 618.56 | V10: 1357 | W10: 5
A11: 7 | B11: 96 | D11: 230 | E11: 125 | G11: 216 | H11: 5589.16 | J11: 228 | K11: 1819.84 | M11: Brixton | N11: 19919.85 | P11: 1017 | Q11: 13 | S11: 2139 | T11: 614.47 | V11: Grand Total | W11: 5
A12: 8 | B12: 86 | D12: Grand Total | E12: 1016 | G12: 234 | H12: 5553.4 | J12: 248 | K12: 1796.18 | M12: Stratford | N12: 19631.89 | P12: 1592 | Q12: 12 | S12: Grand Total | T12: 5211.47
A13: 9 | B13: 101 | G13: 218 | H13: 5536.75 | J13: 252 | K13: 1757.24 | M13: Waterloo | N13: 19411.92 | P13: 1345 | Q13: 12
A14: 10 | B14: 105 | G14: Grand Total | H14: 57651.65 | J14: 208 | K14: 1752.89 | M14: Canary Wharf | N14: 19410.64 | P14: 2143 | Q14: 12
A15: 11 | B15: 81 | J15: 236 | K15: 1748.27 | M15: Elephant And Castle | N15: 19191.1 | P15: 2151 | Q15: 12
A16: 12 | B16: 97 | J16: 260 | K16: 1744.74 | M16: Greenwich | N16: 18941.52 | P16: 1266 | Q16: 12
A17: 13 | B17: 94 | J17: 237 | K17: 1743.24 | M17: Notting Hill | N17: 18230.86 | P17: 1669 | Q17: 12
A18: 14 | B18: 92 | J18: Grand Total | K18: 21917.09 | M18: Grand Total | N18: 303276.98 | P18: 1286 | Q18: 12
A19: 15 | B19: 94 | P19: 1687 | Q19: 12
A20: 16 | B20: 107 | P20: 1633 | Q20: 12
A21: 17 | B21: 77 | P21: 1694 | Q21: 12
A22: 18 | B22: 90 | P22: 1636 | Q22: 12
A23: 19 | B23: 80 | P23: Grand Total | Q23: 226
A24: 20 | B24: 92
A25: 21 | B25: 88 | E25: Row Labels | F25: Count of Cancellation_Reason | H25: Row Labels | I25: Count of Cancellation_Reason | L25: Row Labels | M25: Count of Request_ID | P25: Ride_Status | Q25: Completed | T25: Sum of Distance_Miles
A26: 22 | B26: 94 | E26: Not the same driver | F26: 341 | H26: Not the same driver | I26: 0.15223214 | L26: Cancelled | M26: 2240 | T26: 96170.96
A27: 23 | B27: 94 | E27: Driver asked to cancel | F27: 332 | H27: Driver asked to cancel | I27: 0.14821429 | L27: Completed | M27: 6738 | P27: Row Labels | Q27: Count of Ride_Status
A28: Grand Total | B28: 2240 | E28: Driver was rude | F28: 331 | H28: Driver was rude | I28: 0.14776786 | L28: No Driver | M28: 1022 | P28: Afternoon | Q28: 0.21133868
E29: Change my mind | F29: 324 | H29: Change my mind | I29: 0.14464286 | L29: Grand Total | M29: 10000 | P29: Evening | Q29: 0.28940338
E30: Long wait time | F30: 320 | H30: Long wait time | I30: 0.14285714 | L30: Ride_Status | M30: Cancelled | P30: Morning | Q30: 0.49925794
A31: Row Labels | B31: Average of Rating | E31: Accidental request | F31: 298 | H31: Accidental request | I31: 0.13303571 | P31: Grand Total | Q31: 1
A32: 245 | B32: 3.4418605 | E32: Not the same car | F32: 294 | H32: Not the same car | I32: 0.13125 | L32: Row Labels | M32: Count of Ride_Status
A33: 255 | B33: 3.2571429 | E33: Grand Total | F33: 2240 | H33: Grand Total | I33: 1 | L33: UberXL | M33: 767
A34: 237 | B34: 3.2222222 | L34: UberX | M34: 757
A35: 221 | B35: 3.2150538 | L35: Uber Comfort | M35: 716
A36: 256 | B36: 3.2063492 | E36: Ride_Status | F36: Completed | L36: Grand Total | M36: 2240 | N36: =GETPIVOTDATA("[Measures].[Count of Ride_Status]",$L$32)/3 -> 746.66667
A37: Grand Total | B37: 3.259962
E38: Row Labels | F38: Sum of Fare_GBP | G38: Sum of Distance_Miles | H38: Count of Ride_Status
E39: 210 | F39: 5681.57 | G39: 2022.95 | H39: 136
E40: 207 | F40: 5478.66 | G40: 1902.18 | H40: 124 | S40: Ride_Status | T40: Completed
E41: 258 | F41: 5781.38 | G41: 1878.22 | H41: 122
E42: 257 | F42: 5297.41 | G42: 1866.25 | H42: 122 | L42: Row Labels | M42: Sum of Fare_GBP | N42: Count of Request_ID | S42: Row Labels | T42: Count of Request_ID
E43: 234 | F43: 5553.4 | G43: 1845.3 | H43: 126 | L43: Oxford Circus | M43: 22678.96 | N43: 730 | S43: Afternoon | T43: 1424 | U43: =GETPIVOTDATA("[Measures].[Count of Request_ID]",$S$42,"[Table2].[Time in the Day]","[Table2].[Time in the Day].&[Afternoon]")/10000 -> 0.1424
E44: 211 | F44: 5402.1 | G44: 1798.96 | H44: 125 | L44: King'S Cross | M44: 21533.45 | N44: 706 | S44: Evening | T44: 1950 | U44: =GETPIVOTDATA("[Measures].[Count of Request_ID]",$S$42,"[Table2].[Time in the Day]","[Table2].[Time in the Day].&[Evening]")/T49 -> 0.195
E45: 217 | F45: 5357.23 | G45: 1785.78 | H45: 125 | L45: Euston | M45: 21260.91 | N45: 682 | S45: Morning | T45: 3364 | U45: =GETPIVOTDATA("[Measures].[Count of Request_ID]",$S$42,"[Table2].[Time in the Day]","[Table2].[Time in the Day].&[Morning]")/T49 -> 0.3364
E46: 214 | F46: 5492.66 | G46: 1773.14 | H46: 123 | L46: Camden | M46: 21159.78 | N46: 657 | S46: Grand Total | T46: 6738 | U46: =GETPIVOTDATA("[Measures].[Count of Request_ID]",$S$42)/T49 -> 0.6738
E47: 212 | F47: 5896.54 | G47: 1764.69 | H47: 122 | L47: Victoria | M47: 20845.74 | N47: 674
E48: 236 | F48: 4929.45 | G48: 1756.94 | H48: 119 | L48: London Bridge | M48: 20583.42 | N48: 671
E49: 256 | F49: 5705.23 | G49: 1751.8 | H49: 126 | L49: Paddington | M49: 20397.23 | N49: 682 | T49: 10000
E50: 254 | F50: 5435.01 | G50: 1718.2 | H50: 119 | L50: Shoreditch | M50: 20079.71 | N50: 651
E51: 213 | F51: 4720.22 | G51: 1716.13 | H51: 111 | L51: Grand Total | M51: 168539.2 | N51: 5453
E52: 230 | F52: 6129.53 | G52: 1710.96 | H52: 125
E53: 226 | F53: 4641.88 | G53: 1704.09 | H53: 108
E54: 227 | F54: 5350.44 | G54: 1702.7 | H54: 116
E55: 237 | F55: 5591.67 | G55: 1700.02 | H55: 117
E56: 225 | F56: 6186.42 | G56: 1698.7 | H56: 128
E57: 216 | F57: 5589.16 | G57: 1680.01 | H57: 115
E58: 229 | F58: 5242.76 | G58: 1675.12 | H58: 113
E59: 231 | F59: 4941.12 | G59: 1671.03 | H59: 106
E60: 253 | F60: 5164.07 | G60: 1618.34 | H60: 112
E61: 215 | F61: 4778 | G61: 1611.42 | H61: 108
E62: 243 | F62: 4361.34 | G62: 1611.18 | H62: 103
E63: 228 | F63: 5327.9 | G63: 1602.96 | H63: 114
E64: 259 | F64: 5493.74 | G64: 1593.89 | H64: 118 | L64: Row Labels | M64: Sum of Fare_GBP | O64: Row Labels | P64: Sum of Fare_GBP
E65: 240 | F65: 5315.35 | G65: 1593.59 | H65: 125 | L65: Brixton | M65: 19919.85 | O65: Uber Comfort | P65: 98543.09
E66: 204 | F66: 4511.98 | G66: 1591.06 | H66: 104 | L66: Camden | M66: 21159.78 | O66: UberX | P66: 103602.93
E67: 235 | F67: 5065.12 | G67: 1578.88 | H67: 112 | L67: Canary Wharf | M67: 19410.64 | O67: UberXL | P67: 101130.96
E68: 200 | F68: 4310.57 | G68: 1572.95 | H68: 107 | L68: Elephant And Castle | M68: 19191.1 | O68: Grand Total | P68: 303276.98 | Q68: =GETPIVOTDATA("[Measures].[Sum of Fare_GBP]",$O$64)/3 -> 101092.33
E69: 252 | F69: 4948.88 | G69: 1555.63 | H69: 115 | L69: Euston | M69: 21260.91
E70: 201 | F70: 4927.76 | G70: 1554.86 | H70: 108 | L70: Greenwich | M70: 18941.52
E71: 244 | F71: 4648.69 | G71: 1551.64 | H71: 108 | L71: King'S Cross | M71: 21533.45
E72: 255 | F72: 4674.33 | G72: 1543.59 | H72: 105 | L72: London Bridge | M72: 20583.42 | P72: =GETPIVOTDATA("[Measures].[Sum of Fare_GBP]",$O$64)/GETPIVOTDATA("[Measures].[Count of Request_ID]",$L$42) -> 55.616538
E73: 202 | F73: 4551.63 | G73: 1538.61 | H73: 107 | L73: Notting Hill | M73: 18230.86
E74: 241 | F74: 4763.1 | G74: 1508.67 | H74: 103 | L74: Oxford Circus | M74: 22678.96
E75: 249 | F75: 4884.58 | G75: 1505.53 | H75: 106 | L75: Paddington | M75: 20397.23
E76: 206 | F76: 4529.16 | G76: 1496.5 | H76: 104 | L76: Shoreditch | M76: 20079.71
E77: 242 | F77: 4559.14 | G77: 1494.61 | H77: 106 | L77: Stratford | M77: 19631.89
E78: 239 | F78: 5054.73 | G78: 1493.14 | H78: 109 | L78: Victoria | M78: 20845.74
E79: 220 | F79: 4782.93 | G79: 1492.36 | H79: 110 | L79: Waterloo | M79: 19411.92
E80: 222 | F80: 4855.77 | G80: 1489.54 | H80: 104 | L80: Grand Total | M80: 303276.98
E81: 238 | F81: 4896.38 | G81: 1483.77 | H81: 110
E82: 247 | F82: 4633.7 | G82: 1483.75 | H82: 106
E83: 203 | F83: 4303.94 | G83: 1478.77 | H83: 108
E84: 233 | F84: 4471.03 | G84: 1466.99 | H84: 100
E85: 219 | F85: 4804.7 | G85: 1464.66 | H85: 103
E86: 232 | F86: 4180 | G86: 1462.6 | H86: 92
E87: 246 | F87: 5118.2 | G87: 1453.67 | H87: 109
E88: 218 | F88: 5536.75 | G88: 1414.46 | H88: 115
E89: 224 | F89: 4073.33 | G89: 1405.68 | H89: 95
E90: 251 | F90: 4701.6 | G90: 1401.98 | H90: 107
E91: 248 | F91: 5049.85 | G91: 1380.18 | H91: 104
E92: 221 | F92: 4278.89 | G92: 1361.4 | H92: 93
... E99: 245 | F99: 4128.23 | G99: 1231.44 | H99: 86
E100: Grand Total | F100: 303276.98 | G100: 96170.96 | H100: 6738

Sheet uber_ride_requests_2025 (2)
A1: Request_ID | B1: Request_Date | C1: Request_Time | D1: Hour | E1: Time in the Day | F1: Column1 | G1: Pickup_Location | H1: Dropoff_Location | I1: Ride_Type | J1: Driver_ID | K1: Ride_Status | L1: Fare_GBP | M1: Distance_Miles | N1: Rating | O1: Customer_ID | P1: DriversID | Q1: Customer_Feedback | R1: Cancellation_Reason | S1: Driver_Feedback
A2: 10002 | B2: 45767 | C2: 0.66319444 | D2: 15 | E2: =IF(Table2[[#This Row],[Request_Time]]<TIME(12,0,0),"Morning",IF(Table2[[#This Row],[Request_Time]]<TIME(17,0,0),"Afternoon","Evening")) -> Afternoon | G2: Waterloo | H2: Shoreditch | I2: UberX | J2: 225 | K2: Completed | L2: 57.08 | M2: 7.39 | N2: 1 | O2: 1447 | P2: 254 | Q2: No AC | S2: Passenger was calm
A3: 10007 | B3: 45675 | C3: 0.29861111 | D3: 7 | E3: =IF(Table2[[#This Row],[Request_Time]]<TIME(12,0,0),"Morning",IF(Table2[[#This Row],[Request_Time]]<TIME(17,0,0),"Afternoon","Evening")) -> Morning | G3: Elephant And Castle | H3: Brixton | I3: UberXL | J3: 205 | K3: Completed | L3: 57.97 | M3: 17.13 | N3: 3 | O3: 1900 | P3: 255 | Q3: Driver was rude | S3: Passenger was rude
A4: 10013 | B4: 45814 | C4: 0.1375 | D4: 3 | E4: =IF(Table2[[#This Row],[Request_Time]]<TIME(12,0,0),"Morning",IF(Table2[[#This Row],[Request_Time]]<TIME(17,0,0),"Afternoon","Evening")) -> Morning | G4: Paddington | H4: Waterloo | I4: UberXL | J4: 236 | K4: Completed | L4: 4.17 | M4: 26.83 | N4: 4 | O4: 1770 | P4: 254 | Q4: Different car from app | S4: Passenger was rude
A5: 10021 | B5: 45741 | C5: 0.45694444 | D5: 10 | E5: =IF(Table2[[#This Row],[Request_Time]]<TIME(12,0,0),"Morning",IF(Table2[[#This Row],[Request_Time]]<TIME(17,0,0),"Afternoon","Evening")) -> Morning | G5: Waterloo | H5: Brixton | I5: UberXL | J5: 200 | K5: No Driver | O5: 1063 | P5: 249
A6: 10036 | B6: 45828 | C6: 0.27777778 | D6: 6 | E6: =IF(Table2[[#This Row],[Request_Time]]<TIME(12,0,0),"Morning",IF(Table2[[#This Row],[Request_Time]]<TIME(17,0,0),"Afternoon","Evening")) -> Morning | G6: Waterloo | H6: Euston | I6: UberXL | J6: 250 | K6: Cancelled | O6: 1379 | P6: 206 | R6: Not the same driver
A7: 10041 | B7: 45935 | C7: 0.31458333 | D7: 7 | E7: =IF(Table2[[#This Row],[Request_Time]]<TIME(12,0,0),"Morning",IF(Table2[[#This Row],[Request_Time]]<TIME(17,0,0),"Afternoon","Evening")) -> Morning | G7: Oxford Circus | H7: Euston | I7: UberXL | J7: 202 | K7: No Driver | O7: 1009 | P7: 249
A8: 10049 | B8: 45730 | C8: 0.65 | D8: 15 | E8: =IF(Table2[[#This Row],[Request_Time]]<TIME(12,0,0),"Morning",IF(Table2[[#This Row],[Request_Time]]<TIME(17,0,0),"Afternoon","Evening")) -> Afternoon | G8: Canary Wharf | H8: Greenwich | I8: UberX | J8: 253 | K8: Completed | L8: 53.77 | M8: 3.61 | N8: 4 | O8: 1471 | P8: 217 | Q8: Driver was rude | S8: Passenger was rude
A9: 10050 | B9: 45936 | C9: 0.29583333 | D9: 7 | E9: =IF(Table2[[#This Row],[Request_Time]]<TIME(12,0,0),"Morning",IF(Table2[[#This Row],[Request_Time]]<TIME(17,0,0),"Afternoon","Evening")) -> Morning | G9: London Bridge | H9: Victoria | I9: Uber Comfort | J9: 203 | K9: Completed | L9: 12.11 | M9: 15.95 | N9: 1 | O9: 1298 | P9: 205 | Q9: Different car from app | S9: Passenger was rude
A10: 10085 | B10: 45658 | C10: 0.65208333 | D10: 15 | E10: =IF(Table2[[#This Row],[Request_Time]]<TIME(12,0,0),"Morning",IF(Table2[[#This Row],[Request_Time]]<TIME(17,0,0),"Afternoon","Evening")) -> Afternoon | G10: Shoreditch | H10: Oxford Circus | I10: Uber Comfort | J10: 251 | K10: Cancelled | O10: 1232 | P10: 207 | R10: Change my mind
A11: 10088 | B11: 45911 | C11: 0.99236111 | D11: 23 | E11: =IF(Table2[[#This Row],[Request_Time]]<TIME(12,0,0),"Morning",IF(Table2[[#This Row],[Request_Time]]<TIME(17,0,0),"Afternoon","Evening")) -> Evening | G11: Elephant And Castle | H11: Elephant And Castle | I11: UberX | J11: 201 | K11: Completed | L11: 66.56 | M11: 11.61 | N11: 2 | O11: 1546 | P11: 224 | Q11: Nice ride | S11: Passenger was calm
A12: 10088 | B12: 45728 | C12: 0.10763889 | D12: 2 | E12: =IF(Table2[[#This Row],[Request_Time]]<TIME(12,0,0),"Morning",IF(Table2[[#This Row],[Request_Time]]<TIME(17,0,0),"Afternoon","Evening")) -> Morning | G12: Euston | H12: London Bridge | I12: UberX | J12: 246 | K12: Completed | L12: 14.43 | M12: 6.88 | N12: 2 | O12: 2170 | P12: 234 | Q12: Driver was rude | S12: Passenger was rude
A13: 10098 | B13: 45742 | C13: 0.37638889 | D13: 9 | E13: =IF(Table2[[#This Row],[Request_Time]]<TIME(12,0,0),"Morning",IF(Table2[[#This Row],[Request_Time]]<TIME(17,0,0),"Afternoon","Evening")) -> Morning | G13: Elephant And Castle | H13: Canary Wharf | I13: UberX | J13: 246 | K13: Completed | L13: 49.56 | M13: 12.36 | N13: 2 | O13: 1023 | P13: 210 | Q13: Driver was rude | S13: Passenger was rude
A14: 10100 | B14: 45936 | C14: 0.425 | D14: 10 | E14: =IF(Table2[[#This Row],[Request_Time]]<TIME(12,0,0),"Morning",IF(Table2[[#This Row],[Request_Time]]<TIME(17,0,0),"Afternoon","Evening")) -> Morning | G14: Paddington | H14: Oxford Circus | I14: UberX | J14: 212 | K14: Completed | L14: 17.63 | M14: 17.24 | N14: 5 | O14: 1825 | P14: 205 | Q14: Different car from app | S14: Passenger was calm
A15: 10101 | B15: 45885 | C15: 0.36458333 | D15: 8 | E15: =IF(Table2[[#This Row],[Request_Time]]<TIME(12,0,0),"Morning",IF(Table2[[#This Row],[Request_Time]]<TIME(17,0,0),"Afternoon","Evening")) -> Morning | G15: London Bridge | H15: Brixton | I15: UberXL | J15: 205 | K15: Cancelled | O15: 1124 | P15: 254 | R15: Not the same driver
A16: 10103 | B16: 45891 | C16: 0.091666667 | D16: 2 | E16: =IF(Table2[[#This Row],[Request_Time]]<TIME(12,0,0),"Morning",IF(Table2[[#This Row],[Request_Time]]<TIME(17,0,0),"Afternoon","Evening")) -> Morning | G16: Oxford Circus | H16: Stratford | I16: UberXL | J16: 212 | K16: Completed | L16: 75.79 | M16: 12.92 | N16: 1 | O16: 1598 | P16: 231 | Q16: Car was bad | S16: Passenger was rude
A17: 10106 | B17: 45927 | C17: 0.017361111 | D17: 0 | E17: =IF(Table2[[#This Row],[Request_Time]]<TIME(12,0,0),"Morning",IF(Table2[[#This Row],[Request_Time]]<TIME(17,0,0),"Afternoon","Evening")) -> Morning | G17: Canary Wharf | H17: Euston | I17: UberXL | J17: 257 | K17: No Driver | O17: 2112 | P17: 246
A18: 10124 | B18: 45871 | C18: 0.7375 | D18: 17 | E18: =IF(Table2[[#This Row],[Request_Time]]<TIME(12,0,0),"Morning",IF(Table2[[#This Row],[Request_Time]]<TIME(17,0,0),"Afternoon","Evening")) -> Evening | G18: Oxford Circus | H18: Camden | I18: Uber Comfort | J18: 223 | K18: No Driver | O18: 1085 | P18: 216
A19: 10137 | B19: 45717 | C19: 0.59930556 | D19: 14 | E19: =IF(Table2[[#This Row],[Request_Time]]<TIME(12,0,0),"Morning",IF(Table2[[#This Row],[Request_Time]]<TIME(17,0,0),"Afternoon","Evening")) -> Afternoon | G19: King'S Cross | H19: London Bridge | I19: UberX | J19: 227 | K19: Completed | L19: 23.49 | M19: 2.76 | N19: 4 | O19: 1759 | P19: 240 | Q19: Nice ride | S19: Passenger was rude
A20: 10146 | B20: 45772 | C20: 0.35902778 | D20: 8 | E20: =IF(Table2[[#This Row],[Request_Time]]<TIME(12,0,0),"Morning",IF(Table2[[#This Row],[Request_Time]]<TIME(17,0,0),"Afternoon","Evening")) -> Morning | G20: Camden | H20: Oxford Circus | I20: Uber Comfort | J20: 210 | K20: No Driver | O20: 2105 | P20: 229
A21: 10158 | B21: 45801 | C21: 0.46041667 | D21: 11 | E21: =IF(Table2[[#This Row],[Request_Time]]<TIME(12,0,0),"Morning",IF(Table2[[#This Row],[Request_Time]]<TIME(17,0,0),"Afternoon","Evening")) -> Morning | G21: London Bridge | H21: Greenwich | I21: Uber Comfort | J21: 259 | K21: Completed | L21: 72.45 | M21: 4.56 | N21: 3 | O21: 1294 | P21: 205 | Q21: Driver was rude | S21: Passenger was rude
A22: 10159 | B22: 45683 | C22: 0.41875 | D22: 10 | E22: =IF(Table2[[#This Row],[Request_Time]]<TIME(12,0,0),"Morning",IF(Table2[[#This Row],[Request_Time]]<TIME(17,0,0),"Afternoon","Evening")) -> Morning | G22: Paddington | H22: Victoria | I22: UberX | J22: 222 | K22: Completed | L22: 61.67 | M22: 14.28 | N22: 1 | O22: 1111 | P22: 233 | Q22: No AC | S22: Passenger was calm
A23: 10166 | B23: 45892 | C23: 0.67361111 | D23: 16 | E23: =IF(Table2[[#This Row],[Request_Time]]<TIME(12,0,0),"Morning",IF(Table2[[#This Row],[Request_Time]]<TIME(17,0,0),"Afternoon","Evening")) -> Afternoon | G23: Stratford | H23: London Bridge | I23: Uber Comfort | J23: 202 | K23: Cancelled | O23: 1097 | P23: 217 | R23: Change my mind
A24: 10180 | B24: 45875 | C24: 0.18125 | D24: 4 | E24: =IF(Table2[[#This Row],[Request_Time]]<TIME(12,0,0),"Morning",IF(Table2[[#This Row],[Request_Time]]<TIME(17,0,0),"Afternoon","Evening")) -> Morning | G24: Canary Wharf | H24: Paddington | I24: UberX | J24: 218 | K24: Cancelled | O24: 1179 | P24: 247 | R24: Driver was rude
A25: 10197 | B25: 45774 | C25: 0.30972222 | D25: 7 | E25: =IF(Table2[[#This Row],[Request_Time]]<TIME(12,0,0),"Morning",IF(Table2[[#This Row],[Request_Time]]<TIME(17,0,0),"Afternoon","Evening")) -> Morning | G25: London Bridge | H25: Victoria | I25: UberXL | J25: 256 | K25: Completed | L25: 35.74 | M25: 11.76 | N25: 2 | O25: 1659 | P25: 224 | Q25: Different car from app | S25: Passenger was rude
A26: 10202 | B26: 45864 | C26: 0.61041667 | D26: 14 | E26: =IF(Table2[[#This Row],[Request_Time]]<TIME(12,0,0),"Morning",IF(Table2[[#This Row],[Request_Time]]<TIME(17,0,0),"Afternoon","Evening")) -> Afternoon | G26: London Bridge | H26: Shoreditch | I26: UberXL | J26: 201 | K26: Completed | L26: 14.43 | M26: 13.4 | N26: 1 | O26: 1356 | P26: 220 | Q26: Nice ride | S26: Passenger was calm
A27: 10207 | B27: 45814 | C27: 0.4125 | D27: 9 | E27: =IF(Table2[[#This Row],[Request_Time]]<TIME(12,0,0),"Morning",IF(Table2[[#This Row],[Request_Time]]<TIME(17,0,0),"Afternoon","Evening")) -> Morning | G27: Paddington | H27: Victoria | I27: UberX | J27: 211 | K27: Completed | L27: 59.43 | M27: 2.73 | N27: 2 | O27: 1313 | P27: 235 | Q27: Nice ride | S27: Passenger was calm
A28: 10210 | B28: 45963 | C28: 0.66805556 | D28: 16 | E28: =IF(Table2[[#This Row],[Request_Time]]<TIME(12,0,0),"Morning",IF(Table2[[#This Row],[Request_Time]]<TIME(17,0,0),"Afternoon","Evening")) -> Afternoon | G28: Canary Wharf | H28: Notting Hill | I28: Uber Comfort | J28: 259 | K28: Completed | L28: 69.85 | M28: 1.5 | N28: 5 | O28: 1506 | P28: 202 | Q28: Different car from app | S28: Passenger was calm
A29: 10217 | B29: 45775 | C29: 0.975 | D29: 23 | E29: =IF(Table2[[#This Row],[Request_Time]]<TIME(12,0,0),"Morning",IF(Table2[[#This Row],[Request_Time]]<TIME(17,0,0),"Afternoon","Evening")) -> Evening | G29: Shoreditch | H29: Waterloo | I29: UberXL | J29: 212 | K29: Completed | L29: 21.36 | M29: 17.17 | N29: 4 | O29: 1368 | P29: 232 | Q29: Driver was rude | S29: Passenger was calm
A30: 10224 | B30: 45992 | C30: 0.53541667 | D30: 12 | E30: =IF(Table2[[#This Row],[Request_Time]]<TIME(12,0,0),"Morning",IF(Table2[[#This Row],[Request_Time]]<TIME(17,0,0),"Afternoon","Evening")) -> Afternoon | G30: Waterloo | H30: Victoria | I30: UberX | J30: 203 | K30: Completed | L30: 11.89 | M30: 9.26 | N30: 5 | O30: 2144 | P30: 230 | Q30: Different car from app | S30: Passenger was calm
A31: 10236 | B31: 45714 | C31: 0.98680556 | D31: 23 | E31: =IF(Table2[[#This Row],[Request_Time]]<TIME(12,0,0),"Morning",IF(Table2[[#This Row],[Request_Time]]<TIME(17,0,0),"Afternoon","Evening")) -> Evening | G31: Stratford | H31: Greenwich | I31: UberXL | J31: 221 | K31: Completed | L31: 55.9 | M31: 25.57 | N31: 5 | O31: 2131 | P31: 254 | Q31: Nice ride | S31: Passenger was calm
A32: 10238 | B32: 45900 | C32: 0.015277778 | D32: 0 | E32: =IF(Table2[[#This Row],[Request_Time]]<TIME(12,0,0),"Morning",IF(Table2[[#This Row],[Request_Time]]<TIME(17,0,0),"Afternoon","Evening")) -> Morning | G32: Shoreditch | H32: Notting Hill | I32: UberX | J32: 209 | K32: Completed | L32: 32.65 | M32: 4.73 | N32: 3 | O32: 1768 | P32: 259 | Q32: Car was bad | S32: Passenger was calm
A33: 10245 | B33: 45739 | C33: 0.020138889 | D33: 0 | E33: =IF(Table2[[#This Row],[Request_Time]]<TIME(12,0,0),"Morning",IF(Table2[[#This Row],[Request_Time]]<TIME(17,0,0),"Afternoon","Evening")) -> Morning | G33: Elephant And Castle | H33: Notting Hill | I33: UberX | J33: 247 | K33: Completed | L33: 79.57 | M33: 27.2 | N33: 4 | O33: 2080 | P33: 227 | Q33: Driver was rude | S33: Passenger was rude
A34: 10250 | B34: 45868 | C34: 0.41180556 | D34: 9 | E34: =IF(Table2[[#This Row],[Request_Time]]<TIME(12,0,0),"Morning",IF(Table2[[#This Row],[Request_Time]]<TIME(17,0,0),"Afternoon","Evening")) -> Morning | G34: Elephant And Castle | H34: Greenwich | I34: UberXL | J34: 207 | K34: Completed | L34: 56.62 | M34: 21.63 | N34: 2 | O34: 1197 | P34: 212 | Q34: Different car from app | S34: Passenger was rude
A35: 10262 | B35: 45720 | C35: 0.36805556 | D35: 8 | E35: =IF(Table2[[#This Row],[Request_Time]]<TIME(12,0,0),"Morning",IF(Table2[[#This Row],[Request_Time]]<TIME(17,0,0),"Afternoon","Evening")) -> Morning | G35: Euston | H35: Paddington | I35: UberX | J35: 225 | K35: Completed | L35: 57.28 | M35: 14.3 | N35: 4 | O35: 2083 | P35: 215 | Q35: Different driver | S35: Passenger was rude
A36: 10271 | B36: 46013 | C36: 0.68888889 | D36: 16 | E36: =IF(Table2[[#This Row],[Request_Time]]<TIME(12,0,0),"Morning",IF(Table2[[#This Row],[Request_Time]]<TIME(17,0,0),"Afternoon","Evening")) -> Afternoon | G36: Greenwich | H36: Brixton | I36: Uber Comfort | J36: 209 | K36: Completed | L36: 66.28 | M36: 2.56 | N36: 5 | O36: 1966 | P36: 242 | Q36: Different driver | S36: Passenger was rude
A37: 10272 | B37: 45843 | C37: 0.20208333 | D37: 4 | E37: =IF(Table2[[#This Row],[Request_Time]]<TIME(12,0,0),"Morning",IF(Table2[[#This Row],[Request_Time]]<TIME(17,0,0),"Afternoon","Evening")) -> Morning | G37: King'S Cross | H37: Oxford Circus | I37: UberXL | J37: 240 | K37: Cancelled | O37: 1169 | P37: 221 | R37: Driver asked to cancel
A38: 10274 | B38: 45853 | C38: 0.75555556 | D38: 18 | E38: =IF(Table2[[#This Row],[Request_Time]]<TIME(12,0,0),"Morning",IF(Table2[[#This Row],[Request_Time]]<TIME(17,0,0),"Afternoon","Evening")) -> Evening | G38: Victoria | H38: Canary Wharf | I38: UberX | J38: 240 | K38: Completed | L38: 27.11 | M38: 5.9 | N38: 5 | O38: 1273 | P38: 257 | Q38: Driver was rude | S38: Passenger was calm
A39: 10289 | B39: 45800 | C39: 0.525 | D39: 12 | E39: =IF(Table2[[#This Row],[Request_Time]]<TIME(12,0,0),"Morning",IF(Table2[[#This Row],[Request_Time]]<TIME(17,0,0),"Afternoon","Evening")) -> Afternoon | G39: Brixton | H39: Waterloo | I39: Uber Comfort | J39: 249 | K39: Completed | L39: 55.47 | M39: 5.44 | N39: 2 | O39: 1995 | P39: 202 | Q39: Different driver | S39: Passenger was calm
A40: 10297 | B40: 45860 | C40: 0.875 | D40: 21 | E40: =IF(Table2[[#This Row],[Request_Time]]<TIME(12,0,0),"Morning",IF(Table2[[#This Row],[Request_Time]]<TIME(17,0,0),"Afternoon","Evening")) -> Evening | G40: Euston | H40: Stratford | I40: Uber Comfort | J40: 241 | K40: No Driver | O40: 2071 | P40: 217
A41: 10304 | B41: 45684 | C41: 0.25625 | D41: 6 | E41: =IF(Table2[[#This Row],[Request_Time]]<TIME(12,0,0),"Morning",IF(Table2[[#This Row],[Request_Time]]<TIME(17,0,0),"Afternoon","Evening")) -> Morning | G41: Oxford Circus | H41: Shoreditch | I41: UberXL | J41: 209 | K41: Completed | L41: 5.12 | M41: 27.89 | N41: 5 | O41: 1541 | P41: 206 | Q41: Different car from app | S41: Passenger was calm
A42: 10306 | B42: 45955 | C42: 0.91805556 | D42: 22 | E42: =IF(Table2[[#This Row],[Request_Time]]<TIME(12,0,0),"Morning",IF(Table2[[#This Row],[Request_Time]]<TIME(17,0,0),"Afternoon","Evening")) -> Evening | G42: Camden | H42: London Bridge | I42: UberX | J42: 247 | K42: Cancelled | O42: 1751 | P42: 242 | R42: Change my mind
A43: 10314 | B43: 45834 | C43: 0.35 | D43: 8 | E43: =IF(Table2[[#This Row],[Request_Time]]<TIME(12,0,0),"Morning",IF(Table2[[#This Row],[Request_Time]]<TIME(17,0,0),"Afternoon","Evening")) -> Morning | G43: Victoria | H43: Notting Hill | I43: UberXL | J43: 216 | K43: Completed | L43: 62.11 | M43: 5.1 | N43: 4 | O43: 1496 | P43: 241 | Q43: Nice ride | S43: Passenger was rude
A44: 10323 | B44: 45939 | C44: 0.85069444 | D44: 20 | E44: =IF(Table2[[#This Row],[Request_Time]]<TIME(12,0,0),"Morning",IF(Table2[[#This Row],[Request_Time]]<TIME(17,0,0),"Afternoon","Evening")) -> Evening | G44: London Bridge | H44: Euston | I44: Uber Comfort | J44: 202 | K44: Completed | L44: 62.12 | M44: 7.75 | N44: 3 | O44: 2098 | P44: 226 | Q44: Different driver | S44: Passenger was rude
A45: 10329 | B45: 45910 | C45: 0.17569444 | D45: 4 | E45: =IF(Table2[[#This Row],[Request_Time]]<TIME(12,0,0),"Morning",IF(Table2[[#This Row],[Request_Time]]<TIME(17,0,0),"Afternoon","Evening")) -> Morning | G45: King'S Cross | H45: Notting Hill | I45: UberXL | J45: 208 | K45: Completed | L45: 19.59 | M45: 13.63 | N45: 3 | O45: 1155 | P45: 249 | Q45: Car was bad | S45: Passenger was rude
A46: 10333 | B46: 45679 | C46: 0.20555556 | D46: 4 | E46: =IF(Table2[[#This Row],[Request_Time]]<TIME(12,0,0),"Morning",IF(Table2[[#This Row],[Request_Time]]<TIME(17,0,0),"Afternoon","Evening")) -> Morning | G46: Greenwich | H46: Waterloo | I46: UberXL | J46: 226 | K46: Completed | L46: 63.18 | M46: 2.66 | N46: 4 | O46: 1997 | P46: 240 | Q46: Different driver | S46: Passenger was rude
A47: 10335 | B47: 46015 | C47: 0.73541667 | D47: 17 | E47: =IF(Table2[[#This Row],[Request_Time]]<TIME(12,0,0),"Morning",IF(Table2[[#This Row],[Request_Time]]<TIME(17,0,0),"Afternoon","Evening")) -> Evening | G47: Greenwich | H47: King'S Cross | I47: UberXL | J47: 201 | K47: Completed | L47: 33.53 | M47: 23.34 | N47: 3 | O47: 1490 | P47: 200 | Q47: Driver was rude | S47: Passenger was calm
A48: 10344 | B48: 45830 | C48: 0.76319444 | D48: 18 | E48: =IF(Table2[[#This Row],[Request_Time]]<TIME(12,0,0),"Morning",IF(Table2[[#This Row],[Request_Time]]<TIME(17,0,0),"Afternoon","Evening")) -> Evening | G48: Notting Hill | H48: Greenwich | I48: UberX | J48: 254 | K48: Completed | L48: 69.92 | M48: 7.44 | N48: 3 | O48: 1861 | P48: 229 | Q48: Different driver | S48: Passenger was rude
A49: 10382 | B49: 45997 | C49: 0.37013889 | D49: 8 | E49: =IF(Table2[[#This Row],[Request_Time]]<TIME(12,0,0),"Morning",IF(Table2[[#This Row],[Request_Time]]<TIME(17,0,0),"Afternoon","Evening")) -> Morning | G49: King'S Cross | H49: London Bridge | I49: Uber Comfort | J49: 256 | K49: Completed | L49: 61.12 | M49: 7.71 | N49: 4 | O49: 2165 | P49: 217 | Q49: Driver was rude | S49: Passenger was rude
A50: 10388 | B50: 45720 | C50: 0.77708333 | D50: 18 | E50: =IF(Table2[[#This Row],[Request_Time]]<TIME(12,0,0),"Morning",IF(Table2[[#This Row],[Request_Time]]<TIME(17,0,0),"Afternoon","Evening")) -> Evening | G50: Shoreditch | H50: Stratford | I50: Uber Comfort | J50: 224 | K50: Completed | L50: 7.2 | M50: 4.38 | N50: 1 | O50: 1042 | P50: 241 | Q50: No AC | S50: Passenger was rude
A51: 10422 | B51: 45933 | C51: 0.20347222 | D51: 4 | E51: =IF(Table2[[#This Row],[Request_Time]]<TIME(12,0,0),"Morning",IF(Table2[[#This Row],[Request_Time]]<TIME(17,0,0),"Afternoon","Evening")) -> Morning | G51: Camden | H51: Elephant And Castle | I51: UberXL | J51: 217 | K51: Cancelled | O51: 1709 | P51: 244 | R51: Not the same car
A52: 10431 | B52: 45925 | C52: 0.3375 | D52: 8 | E52: =IF(Table2[[#This Row],[Request_Time]]<TIME(12,0,0),"Morning",IF(Table2[[#This Row],[Request_Time]]<TIME(17,0,0),"Afternoon","Evening")) -> Morning | G52: Oxford Circus | H52: Greenwich | I52: UberX | J52: 212 | K52: No Driver | O52: 1918 | P52: 200
A53: 10439 | B53: 45701 | C53: 0.38055556 | D53: 9 | E53: =IF(Table2[[#This Row],[Request_Time]]<TIME(12,0,0),"Morning",IF(Table2[[#This Row],[Request_Time]]<TIME(17,0,0),"Afternoon","Evening")) -> Morning | G53: Stratford | H53: Notting Hill | I53: Uber Comfort | J53: 212 | K53: Completed | L53: 77.35 | M53: 4.66 | N53: 5 | O53: 1423 | P53: 226 | Q53: No AC | S53: Passenger was calm
A54: 10447 | B54: 45677 | C54: 0.98472222 | D54: 23 | E54: =IF(Table2[[#This Row],[Request_Time]]<TIME(12,0,0),"Morning",IF(Table2[[#This Row],[Request_Time]]<TIME(17,0,0),"Afternoon","Evening")) -> Evening | G54: Paddington | H54: Shoreditch | I54: Uber Comfort | J54: 259 | K54: Completed | L54: 65.63 | M54: 11.17 | N54: 3 | O54: 1104 | P54: 229 | Q54: Different driver | S54: Passenger was calm
A55: 10447 | B55: 45678 | C55: 0.83819444 | D55: 20 | E55: =IF(Table2[[#This Row],[Request_Time]]<TIME(12,0,0),"Morning",IF(Table2[[#This Row],[Request_Time]]<TIME(17,0,0),"Afternoon","Evening")) -> Evening | G55: Paddington | H55: Paddington | I55: UberX | J55: 209 | K55: No Driver | O55: 2012 | P55: 237
A56: 10449 | B56: 45861 | C56: 0.6 | D56: 14 | E56: =IF(Table2[[#This Row],[Request_Time]]<TIME(12,0,0),"Morning",IF(Table2[[#This Row],[Request_Time]]<TIME(17,0,0),"Afternoon","Evening")) -> Afternoon | G56: Paddington | H56: Stratford | I56: Uber Comfort | J56: 237 | K56: Completed | L56: 48.61 | M56: 16.89 | N56: 4 | O56: 1466 | P56: 237 | Q56: Driver was rude | S56: Passenger was calm
A57: 10449 | B57: 45875 | C57: 0.42152778 | D57: 10 | E57: =IF(Table2[[#This Row],[Request_Time]]<TIME(12,0,0),"Morning",IF(Table2[[#This Row],[Request_Time]]<TIME(17,0,0),"Afternoon","Evening")) -> Morning | G57: Euston | H57: Victoria | I57: UberX | J57: 221 | K57: No Driver | O57: 1327 | P57: 239
A58: 10451 | B58: 45770 | C58: 0.94027778 | D58: 22 | E58: =IF(Table2[[#This Row],[Request_Time]]<TIME(12,0,0),"Morning",IF(Table2[[#This Row],[Request_Time]]<TIME(17,0,0),"Afternoon","Evening")) -> Evening | G58: Shoreditch | H58: Greenwich | I58: Uber Comfort | J58: 220 | K58: Cancelled | O58: 1344 | P58: 223 | R58: Change my mind
A59: 10465 | B59: 45860 | C59: 0.56666667 | D59: 13 | E59: =IF(Table2[[#This Row],[Request_Time]]<TIME(12,0,0),"Morning",IF(Table2[[#This Row],[Request_Time]]<TIME(17,0,0),"Afternoon","Evening")) -> Afternoon | G59: Greenwich | H59: Elephant And Castle | I59: UberX | J59: 225 | K59: Completed | L59: 83.09 | M59: 24.28 | N59: 4 | O59: 2039 | P59: 251 | Q59: Car was bad | S59: Passenger was rude
A60: 10470 | B60: 45965 | C60: 0.91111111 | D60: 21 | E60: =IF(Table2[[#This Row],[Request_Time]]<TIME(12,0,0),"Morning",IF(Table2[[#This Row],[Request_Time]]<TIME(17,0,0),"Afternoon","Evening")) -> Evening | G60: London Bridge | H60: Victoria | I60: UberXL | J60: 206 | K60: Completed | L60: 10.34 | M60: 7.65 | N60: 5 | O60: 2132 | P60: 225 | Q60: Car was bad | S60: Passenger was calm
A61: 10480 | B61: 45889 | C61: 0.77638889 | D61: 18 | E61: =IF(Table2[[#This Row],[Request_Time]]<TIME(12,0,0),"Morning",IF(Table2[[#This Row],[Request_Time]]<TIME(17,0,0),"Afternoon","Evening")) -> Evening | G61: King'S Cross | H61: Notting Hill | I61: UberXL | J61: 245 | K61: Cancelled | O61: 1689 | P61: 244 | R61: Change my mind
A62: 10487 | B62: 46007 | C62: 0.83541667 | D62: 20 | E62: =IF(Table2[[#This Row],[Request_Time]]<TIME(12,0,0),"Morning",IF(Table2[[#This Row],[Request_Time]]<TIME(17,0,0),"Afternoon","Evening")) -> Evening | G62: Greenwich | H62: Canary Wharf | I62: Uber Comfort | J62: 222 | K62: Completed | L62: 4.51 | M62: 17.45 | N62: 3 | O62: 1312 | P62: 218 | Q62: Driver was rude | S62: Passenger was calm
A63: 10491 | B63: 45953 | C63: 0.62777778 | D63: 15 | E63: =IF(Table2[[#This Row],[Request_Time]]<TIME(12,0,0),"Morning",IF(Table2[[#This Row],[Request_Time]]<TIME(17,0,0),"Afternoon","Evening")) -> Afternoon | G63: Waterloo | H63: Greenwich | I63: UberXL | J63: 239 | K63: Completed | L63: 49.8 | M63: 14.28 | N63: 2 | O63: 1701 | P63: 229 | Q63: Nice ride | S63: Passenger was rude
A64: 10509 | B64: 45704 | C64: 0.20277778 | D64: 4 | E64: =IF(Table2[[#This Row],[Request_Time]]<TIME(12,0,0),"Morning",IF(Table2[[#This Row],[Request_Time]]<TIME(17,0,0),"Afternoon","Evening")) -> Morning | G64: Stratford | H64: Waterloo | I64: Uber Comfort | J64: 246 | K64: Completed | L64: 46.99 | M64: 25.56 | N64: 5 | O64: 1250 | P64: 207 | Q64: Driver was rude | S64: Passenger was rude
A65: 10522 | B65: 45756 | C65: 0.725 | D65: 17 | E65: =IF(Table2[[#This Row],[Request_Time]]<TIME(12,0,0),"Morning",IF(Table2[[#This Row],[Request_Time]]<TIME(17,0,0),"Afternoon","Evening")) -> Evening | G65: Camden | H65: Victoria | I65: UberXL | J65: 250 | K65: Completed | L65: 4.73 | M65: 11.04 | N65: 4 | O65: 1552 | P65: 237 | Q65: Nice ride | S65: Passenger was rude
A66: 10527 | B66: 46021 | C66: 0.83958333 | D66: 20 | E66: =IF(Table2[[#This Row],[Request_Time]]<TIME(12,0,0),"Morning",IF(Table2[[#This Row],[Request_Time]]<TIME(17,0,0),"Afternoon","Evening")) -> Evening | G66: Elephant And Castle | H66: Waterloo | I66: UberX | J66: 216 | K66: Completed | L66: 29.69 | M66: 6.48 | N66: 3 | O66: 2196 | P66: 207 | Q66: Nice ride | S66: Passenger was rude
A67: 10562 | B67: 45962 | C67: 0.94166667 | D67: 22 | E67: =IF(Table2[[#This Row],[Request_Time]]<TIME(12,0,0),"Morning",IF(Table2[[#This Row],[Request_Time]]<TIME(17,0,0),"Afternoon","Evening")) -> Evening | G67: London Bridge | H67: London Bridge | I67: UberXL | J67: 236 | K67: No Driver | O67: 1452 | P67: 207
A68: 10565 | B68: 45684 | C68: 0.825 | D68: 19 | E68: =IF(Table2[[#This Row],[Request_Time]]<TIME(12,0,0),"Morning",IF(Table2[[#This Row],[Request_Time]]<TIME(17,0,0),"Afternoon","Evening")) -> Evening | G68: Elephant And Castle | H68: Elephant And Castle | I68: UberX | J68: 258 | K68: Cancelled | O68: 2110 | P68: 254 | R68: Driver was rude
A69: 10582 | B69: 45739 | C69: 0.60416667 | D69: 14 | E69: =IF(Table2[[#This Row],[Request_Time]]<TIME(12,0,0),"Morning",IF(Table2[[#This Row],[Request_Time]]<TIME(17,0,0),"Afternoon","Evening")) -> Afternoon | G69: King'S Cross | H69: Notting Hill | I69: UberXL | J69: 247 | K69: Completed | L69: 58.24 | M69: 3.36 | N69: 1 | O69: 1710 | P69: 228 | Q69: Nice ride | S69: Passenger was rude
A70: 10583 | B70: 45824 | C70: 0.61041667 | D70: 14 | E70: =IF(Table2[[#This Row],[Request_Time]]<TIME(12,0,0),"Morning",IF(Table2[[#This Row],[Request_Time]]<TIME(17,0,0),"Afternoon","Evening")) -> Afternoon | G70: Camden | H70: Notting Hill | I70: UberXL | J70: 228 | K70: Completed | L70: 29.73 | M70: 13.2 | N70: 5 | O70: 1218 | P70: 254 | Q70: Nice ride | S70: Passenger was calm
A71: 10596 | B71: 45813 | C71: 0.55972222 | D71: 13 | E71: =IF(Table2[[#This Row],[Request_Time]]<TIME(12,0,0),"Morning",IF(Table2[[#This Row],[Request_Time]]<TIME(17,0,0),"Afternoon","Evening")) -> Afternoon | G71: Camden | H71: Greenwich | I71: UberX | J71: 217 | K71: Completed | L71: 72.71 | M71: 20.41 | N71: 3 | O71: 1990 | P71: 218 | Q71: No AC | S71: Passenger was rude
A72: 10612 | B72: 45981 | C72: 0.44305556 | D72: 10 | E72: =IF(Table2[[#This Row],[Request_Time]]<TIME(12,0,0),"Morning",IF(Table2[[#This Row],[Request_Time]]<TIME(17,0,0),"Afternoon","Evening")) -> Morning | G72: London Bridge | H72: Victoria | I72: UberXL | J72: 243 | K72: Completed | L72: 6.63 | M72: 23.89 | N72: 2 | O72: 1212 | P72: 237 | Q72: Nice ride | S72: Passenger was calm
A73: 10643 | B73: 45798 | C73: 0.13402778 | D73: 3 | E73: =IF(Table2[[#This Row],[Request_Time]]<TIME(12,0,0),"Morning",IF(Table2[[#This Row],[Request_Time]]<TIME(17,0,0),"Afternoon","Evening")) -> Morning | G73: Oxford Circus | H73: Victoria | I73: Uber Comfort | J73: 250 | K73: Cancelled | O73: 2102 | P73: 213 | R73: Not the same car
A74: 10655 | B74: 45996 | C74: 0.18472222 | D74: 4 | E74: =IF(Table2[[#This Row],[Request_Time]]<TIME(12,0,0),"Morning",IF(Table2[[#This Row],[Request_Time]]<TIME(17,0,0),"Afternoon","Evening")) -> Morning | G74: Elephant And Castle | H74: London Bridge | I74: UberX | J74: 241 | K74: Completed | L74: 12.29 | M74: 4.24 | N74: 5 | O74: 1118 | P74: 205 | Q74: Nice ride | S74: Passenger was rude
A75: 10668 | B75: 45963 | C75: 0.94097222 | D75: 22 | E75: =IF(Table2[[#This Row],[Request_Time]]<TIME(12,0,0),"Morning",IF(Table2[[#This Row],[Request_Time]]<TIME(17,0,0),"Afternoon","Evening")) -> Evening | G75: Greenwich | H75: Shoreditch | I75: Uber Comfort | J75: 229 | K75: Cancelled | O75: 2050 | P75: 220 | R75: Accidental request
A76: 10675 | B76: 45693 | C76: 0.87291667 | D76: 20 | E76: =IF(Table2[[#This Row],[Request_Time]]<TIME(12,0,0),"Morning",IF(Table2[[#This Row],[Request_Time]]<TIME(17,0,0),"Afternoon","Evening")) -> Evening | G76: Oxford Circus | H76: Paddington | I76: UberX | J76: 248 | K76: Completed | L76: 48.98 | M76: 11.67 | N76: 5 | O76: 2120 | P76: 220 | Q76: Nice ride | S76: Passenger was calm
A77: 10687 | B77: 46006 | C77: 0.64097222 | D77: 15 | E77: =IF(Table2[[#This Row],[Request_Time]]<TIME(12,0,0),"Morning",IF(Table2[[#This Row],[Request_Time]]<TIME(17,0,0),"Afternoon","Evening")) -> Afternoon | G77: Shoreditch | H77: Shoreditch | I77: UberXL | J77: 242 | K77: No Driver | O77: 1700 | P77: 245
A78: 10691 | B78: 45782 | C78: 0.92291667 | D78: 22 | E78: =IF(Table2[[#This Row],[Request_Time]]<TIME(12,0,0),"Morning",IF(Table2[[#This Row],[Request_Time]]<TIME(17,0,0),"Afternoon","Evening")) -> Evening | G78: Shoreditch | H78: Greenwich | I78: UberXL | J78: 255 | K78: Cancelled | O78: 1442 | P78: 224 | R78: Accidental request
A79: 10705 | B79: 45711 | C79: 0.77638889 | D79: 18 | E79: =IF(Table2[[#This Row],[Request_Time]]<TIME(12,0,0),"Morning",IF(Table2[[#This Row],[Request_Time]]<TIME(17,0,0),"Afternoon","Evening")) -> Evening | G79: Euston | H79: Canary Wharf | I79: Uber Comfort | J79: 234 | K79: Completed | L79: 31.92 | M79: 22.5 | N79: 1 | O79: 1474 | P79: 236 | Q79: Different car from app | S79: Passenger was calm
A80: 10719 | B80: 45977 | C80: 0.20625 | D80: 4 | E80: =IF(Table2[[#This Row],[Request_Time]]<TIME(12,0,0),"Morning",IF(Table2[[#This Row],[Request_Time]]<TIME(17,0,0),"Afternoon","Evening")) -> Morning | G80: Brixton | H80: Oxford Circus | I80: Uber Comfort | J80: 256 | K80: Cancelled | O80: 1149 | P80: 231 | R80: Long wait time
A81: 10720 | B81: 46015 | C81: 0.4875 | D81: 11 | E81: =IF(Table2[[#This Row],[Request_Time]]<TIME(12,0,0),"Morning",IF(Table2[[#This Row],[Request_Time]]<TIME(17,0,0),"Afternoon","Evening")) -> Morning | G81: Brixton | H81: Victoria | I81: UberXL | J81: 246 | K81: Completed | L81: 81.75 | M81: 1.07 | N81: 2 | O81: 1904 | P81: 251 | Q81: Driver was rude | S81: Passenger was rude
A82: 10722 | B82: 45712 | C82: 0.81597222 | D82: 19 | E82: =IF(Table2[[#This Row],[Request_Time]]<TIME(12,0,0),"Morning",IF(Table2[[#This Row],[Request_Time]]<TIME(17,0,0),"Afternoon","Evening")) -> Evening | G82: Euston | H82: Notting Hill | I82: UberXL | J82: 213 | K82: Completed | L82: 30.82 | M82: 19.81 | N82: 4 | O82: 1132 | P82: 247 | Q82: No AC | S82: Passenger was calm
A83: 10731 | B83: 45910 | C83: 0.084027778 | D83: 2 | E83: =IF(Table2[[#This Row],[Request_Time]]<TIME(12,0,0),"Morning",IF(Table2[[#This Row],[Request_Time]]<TIME(17,0,0),"Afternoon","Evening")) -> Morning | G83: Stratford | H83: King'S Cross | I83: UberX | J83: 258 | K83: Completed | L83: 78.78 | M83: 2.33 | N83: 5 | O83: 1080 | P83: 211 | Q83: Different car from app | S83: Passenger was calm
A84: 10746 | B84: 45951 | C84: 0.22777778 | D84: 5 | E84: =IF(Table2[[#This Row],[Request_Time]]<TIME(12,0,0),"Morning",IF(Table2[[#This Row],[Request_Time]]<TIME(17,0,0),"Afternoon","Evening")) -> Morning | G84: Waterloo | H84: Paddington | I84: UberX | J84: 204 | K84: Cancelled | O84: 1159 | P84: 255 | R84: Driver was rude
A85: 10767 | B85: 45744 | C85: 0.80694444 | D85: 19 | E85: =IF(Table2[[#This Row],[Request_Time]]<TIME(12,0,0),"Morning",IF(Table2[[#This Row],[Request_Time]]<TIME(17,0,0),"Afternoon","Evening")) -> Evening | G85: Stratford | H85: Oxford Circus | I85: UberX | J85: 205 | K85: No Driver | O85: 1354 | P85: 204
A86: 10783 | B86: 45761 | C86: 0.62013889 | D86: 14 | E86: =IF(Table2[[#This Row],[Request_Time]]<TIME(12,0,0),"Morning",IF(Table2[[#This Row],[Request_Time]]<TIME(17,0,0),"Afternoon","Evening")) -> Afternoon | G86: King'S Cross | H86: Elephant And Castle | I86: Uber Comfort | J86: 207 | K86: Completed | L86: 44.32 | M86: 14.97 | N86: 1 | O86: 1888 | P86: 246 | Q86: Car was bad | S86: Passenger was rude
A87: 10813 | B87: 45680 | C87: 0.031944444 | D87: 0 | E87: =IF(Table2[[#This Row],[Request_Time]]<TIME(12,0,0),"Morning",IF(Table2[[#This Row],[Request_Time]]<TIME(17,0,0),"Afternoon","Evening")) -> Morning | G87: Greenwich | H87: Oxford Circus | I87: Uber Comfort | J87: 253 | K87: Cancelled | O87: 1319 | P87: 248 | R87: Driver asked to cancel
A88: 10827 | B88: 45880 | C88: 0.3375 | D88: 8 | E88: =IF(Table2[[#This Row],[Request_Time]]<TIME(12,0,0),"Morning",IF(Table2[[#This Row],[Request_Time]]<TIME(17,0,0),"Afternoon","Evening")) -> Morning | G88: Waterloo | H88: London Bridge | I88: UberXL | J88: 256 | K88: Completed | L88: 42.24 | M88: 1.34 | N88: 5 | O88: 1437 | P88: 249 | Q88: Different car from app | S88: Passenger was calm
A89: 10832 | B89: 45819 | C89: 0.50277778 | D89: 12 | E89: =IF(Table2[[#This Row],[Request_Time]]<TIME(12,0,0),"Morning",IF(Table2[[#This Row],[Request_Time]]<TIME(17,0,0),"Afternoon","Evening")) -> Afternoon | G89: Paddington | H89: Canary Wharf | I89: UberX | J89: 251 | K89: Completed | L89: 35.62 | M89: 24.78 | N89: 3 | O89: 1254 | P89: 257 | Q89: Driver was rude | S89: Passenger was rude
A90: 10854 | B90: 45820 | C90: 0.53333333 | D90: 12 | E90: =IF(Table2[[#This Row],[Request_Time]]<TIME(12,0,0),"Morning",IF(Table2[[#This Row],[Request_Time]]<TIME(17,0,0),"Afternoon","Evening")) -> Afternoon | G90: Greenwich | H90: Brixton | I90: UberX | J90: 258 | K90: Completed | L90: 25.64 | M90: 0.88 | N90: 5 | O90: 2102 | P90: 214 | Q90: Nice ride | S90: Passenger was calm
A91: 10859 | B91: 45755 | C91: 0.74097222 | D91: 17 | E91: =IF(Table2[[#This Row],[Request_Time]]<TIME(12,0,0),"Morning",IF(Table2[[#This Row],[Request_Time]]<TIME(17,0,0),"Afternoon","Evening")) -> Evening | G91: Oxford Circus | H91: Euston | I91: Uber Comfort | J91: 230 | K91: Completed | L91: 41.43 | M91: 9.33 | N91: 3 | O91: 1920 | P91: 254 | Q91: No AC | S91: Passenger was rude
A92: 10876 | B92: 45835 | C92: 0.77986111 | D92: 18 | E92: =IF(Table2[[#This Row],[Request_Time]]<TIME(12,0,0),"Morning",IF(Table2[[#This Row],[Request_Time]]<TIME(17,0,0),"Afternoon","Evening")) -> Evening | G92: Brixton | H92: London Bridge | I92: UberXL | J92: 254 | K92: Completed | L92: 82.04 | M92: 9.01 | N92: 5 | O92: 1153 | P92: 257 | Q92: Driver was rude | S92: Passenger was rude
A93: 10876 | B93: 45781 | C93: 0.69375 | D93: 16 | E93: =IF(Table2[[#This Row],[Request_Time]]<TIME(12,0,0),"Morning",IF(Table2[[#This Row],[Request_Time]]<TIME(17,0,0),"Afternoon","Evening")) -> Afternoon | G93: Brixton | H93: Elephant And Castle | I93: Uber Comfort | J93: 206 | K93: Cancelled | O93: 2173 | P93: 229 | R93: Accidental request
A94: 10883 | B94: 45896 | C94: 0.22013889 | D94: 5 | E94: =IF(Table2[[#This Row],[Request_Time]]<TIME(12,0,0),"Morning",IF(Table2[[#This Row],[Request_Time]]<TIME(17,0,0),"Afternoon","Evening")) -> Morning | G94: King'S Cross | H94: Notting Hill | I94: UberXL | J94: 253 | K94: Completed | L94: 45.84 | M94: 5.58 | N94: 3 | O94: 1782 | P94: 238 | Q94: Driver was rude | S94: Passenger was calm
A95: 10886 | B95: 45801 | C95: 0.090972222 | D95: 2 | E95: =IF(Table2[[#This Row],[Request_Time]]<TIME(12,0,0),"Morning",IF(Table2[[#This Row],[Request_Time]]<TIME(17,0,0),"Afternoon","Evening")) -> Morning | G95: Shoreditch | H95: Euston | I95: Uber Comfort | J95: 249 | K95: Cancelled | O95: 1123 | P95: 219 | R95: Long wait time
A96: 10888 | B96: 45999 | C96: 0.79236111 | D96: 19 | E96: =IF(Table2[[#This Row],[Request_Time]]<TIME(12,0,0),"Morning",IF(Table2[[#This Row],[Request_Time]]<TIME(17,0,0),"Afternoon","Evening")) -> Evening | G96: Euston | H96: Victoria | I96: UberXL | J96: 244 | K96: Completed | L96: 27.54 | M96: 8.52 | N96: 2 | O96: 1769 | P96: 220 | Q96: No AC | S96: Passenger was calm
A97: 10890 | B97: 45890 | C97: 0.030555556 | D97: 0 | E97: =IF(Table2[[#This Row],[Request_Time]]<TIME(12,0,0),"Morning",IF(Table2[[#This Row],[Request_Time]]<TIME(17,0,0),"Afternoon","Evening")) -> Morning | G97: King'S Cross | H97: Elephant And Castle | I97: Uber Comfort | J97: 232 | K97: Cancelled | O97: 1995 | P97: 203 | R97: Not the same car
A98: 10897 | B98: 45935 | C98: 0.074305556 | D98: 1 | E98: =IF(Table2[[#This Row],[Request_Time]]<TIME(12,0,0),"Morning",IF(Table2[[#This Row],[Request_Time]]<TIME(17,0,0),"Afternoon","Evening")) -> Morning | G98: Victoria | H98: Waterloo | I98: UberX | J98: 218 | K98: Completed | L98: 18.82 | M98: 20.46 | N98: 3 | O98: 1788 | P98: 227 | Q98: Different car from app | S98: Passenger was calm
A99: 10901 | B99: 45820 | C99: 0.62222222 | D99: 14 | E99: =IF(Table2[[#This Row],[Request_Time]]<TIME(12,0,0),"Morning",IF(Table2[[#This Row],[Request_Time]]<TIME(17,0,0),"Afternoon","Evening")) -> Afternoon | G99: Victoria | H99: Oxford Circus | I99: UberX | J99: 231 | K99: Completed | L99: 52.3 | M99: 20.37 | N99: 3 | O99: 1030 | P99: 202 | Q99: Car was bad | S99: Passenger was rude
A100: 10902 | B100: 45968 | C100: 0.75486111 | D100: 18 | E100: =IF(Table2[[#This Row],[Request_Time]]<TIME(12,0,0),"Morning",IF(Table2[[#This Row],[Request_Time]]<TIME(17,0,0),"Afternoon","Evening")) -> Evening | G100: Paddington | H100: Greenwich | I100: UberX | J100: 256 | K100: Completed | L100: 72.37 | M100: 17.32 | N100: 3 | O100: 1041 | P100: 249 | Q100: Different car from app | S100: Passenger was calm
...

Sheet RAW DATA
A1: Request_ID | B1: Request_Date | C1: Request_Time | D1: Pickup_Location | E1: Dropoff_Location | F1: Ride_Type | G1: Driver_ID | H1: Ride_Status | I1: Fare_GBP | J1: Distance_Miles | K1: Rating | L1: Customer_ID | M1: DriversID | N1: Customer_Feedback | O1: Cancellation_Reason | P1: Driver_Feedback
A2: 85047 | B2: 45915 | C2: 0.72777778 | D2: cAmDEN | E2: King's Cross | F2: UberX | G2: 225 | H2: Completed | I2: 56.42 | J2: 25.11 | K2: 5 | L2: 1515 | M2: 222 | N2: Different car from app | P2: Passenger was rude
A3: 77316 | B3: 45840 | C3: 0.53472222 | D3: brixton | E3: Waterloo | F3: UberX | G3: 256 | H3: No Driver | L3: 2182 | M3: 219
A4: 76369 | B4: 46021 | C4: 0.52430556 | D4: nOtting hill | E4: Stratford | F4: UberXL | G4: 256 | H4: Completed | I4: 33.45 | J4: 16.61 | K4: 4 | L4: 1468 | M4: 254 | N4: Nice ride | P4: Passenger was rude
A5: 81517 | B5: 45978 | C5: 0.99652778 | D5: PaddinGToN | E5: Euston | F5: UberXL | G5: 223 | H5: Cancelled | L5: 1409 | M5: 216 | O5: Driver was rude
A6: 66915 | B6: 45896 | C6: 0.72708333 | D6: caMdEn | E6: Stratford | F6: UberXL | G6: 253 | H6: Cancelled | L6: 1981 | M6: 260 | O6: Driver was rude
A7: 69143 | B7: 45794 | C7: 0.70833333 | D7: gReEnwich | E7: Euston | F7: UberXL | G7: 244 | H7: Completed | I7: Â£33.98 | J7: 4.52 | K7: 1 | L7: 1276 | M7: 234 | N7: Nice ride | P7: Passenger was calm
A8: 76545 | B8: 45959 | C8: 0.18611111 | D8: LONDON BRIDGE | E8: Oxford Circus | F8: UberXL | G8: 256 | H8: Completed | I8: 81.62 | J8: 2.82 | K8: 2 | L8: 1150 | M8: 203 | N8: Driver was rude | P8: Passenger was rude
A9: 13353 | B9: 45988 | C9: 0.50208333 | D9: CAMDEN | E9: Waterloo | F9: Uber Comfort | G9: 239 | H9: Cancelled | L9: 1349 | M9: 209 | O9: Driver asked to cancel
A10: 35623 | B10: 45763 | C10: 0.61666667 | D10: brixton | E10: ElePhant aND CASTLe | F10: UberXL | G10: 228 | H10: Completed | I10: 54.49 | J10: 20.05 | K10: 5 | L10: 1245 | M10: 233 | N10: Car was bad | P10: Passenger was calm
A11: 10643 | B11: 45798 | C11: 0.13402778 | D11: OXFORD CIRCUS | E11: VICTORIA | F11: Uber Comfort | G11: 250 | H11: Cancelled | L11: 2102 | M11: 213 | O11: Not the same car
A12: 44565 | B12: 45801 | C12: 0.79027778 | D12: OXFORD CIRCUS | E12: Stratford | F12: Uber Comfort | G12: 240 | H12: Completed | I12: 64.85 | J12: 15.98 | K12: 5 | L12: 1217 | M12: 232 | N12: Driver was rude | P12: Passenger was calm
A13: 12022 | B13: 45959 | C13: 0.090277778 | D13: victoria | E13: Euston | F13: UberXL | G13: 220 | H13: Completed | I13: 27.57 | J13: 2.23 | K13: 4 | L13: 1933 | M13: 238 | N13: No AC | P13: Passenger was rude
A14: 75701 | B14: 45972 | C14: 0.053472222 | D14: BRIXTON | E14: Victoria | F14: UberXL | G14: 244 | H14: Completed | I14: 78.9 | J14: 13.22 | K14: 1 | L14: 1676 | M14: 218 | N14: Different driver | P14: Passenger was rude
A15: 86756 | B15: 45720 | C15: 0.42222222 | D15: euston | E15: Oxford Circus | F15: UberX | G15: 239 | H15: Cancelled | L15: 1251 | M15: 207 | O15: Not the same driver
A16: 60345 | B16: 45925 | C16: 0.50347222 | D16: london bridge | E16: Stratford | F16: Uber Comfort | G16: 201 | H16: Completed | I16: 52.35 | J16: 12.18 | K16: 2 | L16: 2108 | M16: 243 | N16: No AC | P16: Passenger was rude
A17: 33501 | B17: 45788 | C17: 0.20972222 | D17: camden | E17: Paddington | F17: UberXL | G17: 240 | H17: Completed | I17: Â£22.49 | J17: 11.99 | K17: 3 | L17: 2065 | M17: 248 | N17: Driver was rude | P17: Passenger was calm
A18: 41825 | B18: 45686 | C18: 0.93541667 | D18: waterloo | E18: Euston | F18: Uber Comfort | G18: 257 | H18: Cancelled | L18: 1817 | M18: 245 | O18: Change my mind
A19: 46144 | B19: 45777 | C19: 0.79861111 | D19: king's cross | E19: Waterloo | F19: Uber Comfort | G19: 237 | H19: No Driver | L19: 1639 | M19: 212
A20: 14916 | B20: 45868 | C20: 0.21805556 | D20: brixton | E20: shoreditch | F20: Uber Comfort | G20: 237 | H20: Completed | I20: Â£43.27 | J20: 26.78 | K20: 5 | L20: 1628 | M20: 236 | N20: Different driver | P20: Passenger was rude
A21: 28598 | B21: 45859 | C21: 0.54097222 | D21: SHOREDITCH | E21: Notting Hill | F21: UberX | G21: 210 | H21: Completed | I21: 47.66 | J21: 18.7 | K21: 5 | L21: 1599 | M21: 218 | N21: Nice ride | P21: Passenger was calm
A22: 65397 | B22: 45840 | C22: 0.19027778 | D22: KiNg's crOSS | E22: KING'S CROSS | F22: Uber Comfort | G22: 219 | H22: Completed | I22: Â£82.79 | J22: 0.76 | K22: 5 | L22: 1240 | M22: 222 | N22: Different driver | P22: Passenger was rude
A23: 19048 | B23: 45913 | C23: 0.17152778 | D23: notting hill | E23: Brixton | F23: UberX | G23: 210 | H23: Completed | I23: Â£49.0 | J23: 22.92 | K23: 5 | L23: 1665 | M23: 227 | N23: No AC | P23: Passenger was calm
A24: 38858 | B24: 45827 | C24: 0.45833333 | D24: elEphANt AND cAsTLE | E24: London Bridge | F24: UberXL | G24: 201 | H24: Completed | I24: 77.48 | J24: 11.58 | K24: 2 | L24: 2125 | M24: 245 | N24: Driver was rude | P24: Passenger was rude
A25: 65631 | B25: 45867 | C25: 0.47847222 | D25: KinG'S cRoSs | E25: Brixton | F25: UberXL | G25: 220 | H25: Completed | I25: 11.7 | J25: 19.15 | K25: 5 | L25: 1036 | M25: 249 | N25: Different car from app | P25: Passenger was calm
A26: 30424 | B26: 45892 | C26: 0.73194444 | D26: king's cross | E26: paddington | F26: Uber Comfort | G26: 208 | H26: Completed | I26: 26.43 | J26: 19.54 | K26: 5 | L26: 1221 | M26: 201 | N26: Nice ride | P26: Passenger was calm
A27: 55030 | B27: 45872 | C27: 0.063194444 | D27: KING'S CROSS | E27: Victoria | F27: Uber Comfort | G27: 231 | H27: Completed | I27: 19.01 | J27: 27.68 | K27: 4 | L27: 1272 | M27: 201 | N27: Different driver | P27: Passenger was rude
A28: 86250 | B28: 45845 | C28: 0.36041667 | D28: VICTORIA | E28: Camden | F28: Uber Comfort | G28: 234 | H28: Completed | I28: 71.76 | J28: 14.59 | K28: 4 | L28: 1611 | M28: 230 | N28: No AC | P28: Passenger was calm
A29: 43749 | B29: 45918 | C29: 0.74236111 | D29: eLEpHANt anD CasTlE | E29: Shoreditch | F29: UberX | G29: 246 | H29: Completed | I29: 52.26 | J29: 10.4 | K29: 1 | L29: 1294 | M29: 208 | N29: Different car from app | P29: Passenger was calm
A30: 46748 | B30: 45994 | C30: 0.81458333 | D30: NOTTING HILL | E30: Shoreditch | F30: UberXL | G30: 208 | H30: Cancelled | L30: 1936 | M30: 210 | O30: Driver asked to cancel
A31: 77446 | B31: 45685 | C31: 0.26388889 | D31: KiNg's CRoss | E31: Oxford Circus | F31: UberXL | G31: 242 | H31: Completed | I31: 59.07 | J31: 25.59 | K31: 1 | L31: 1887 | M31: 212 | N31: No AC | P31: Passenger was calm
A32: 58804 | B32: 45745 | C32: 0.34236111 | D32: sTRatfoRd | E32: Oxford Circus | F32: UberX | G32: 222 | H32: Cancelled | L32: 1323 | M32: 207 | O32: Not the same car
A33: 47632 | B33: 45986 | C33: 0.61597222 | D33: SHOREDITCH | E33: Waterloo | F33: UberX | G33: 206 | H33: Completed | I33: 19.33 | J33: 1.34 | K33: 2 | L33: 1294 | M33: 235 | N33: Different driver | P33: Passenger was rude
A34: 99394 | B34: 45841 | C34: 0.64791667 | D34: OXFORD CIRCUS | E34: Camden | F34: UberX | G34: 252 | H34: Completed | I34: 34.57 | J34: 19.7 | K34: 5 | L34: 1565 | M34: 218 | N34: No AC | P34: Passenger was rude
A35: 80881 | B35: 45960 | C35: 0.059027778 | D35: victoria | E35: Stratford | F35: Uber Comfort | G35: 255 | H35: Completed | I35: 9.69 | J35: 11.12 | K35: 5 | L35: 1522 | M35: 201 | N35: Car was bad | P35: Passenger was rude
A36: 78264 | B36: 45694 | C36: 0.85555556 | D36: oxfORD cIrcUS | E36: Greenwich | F36: UberXL | G36: 230 | H36: No Driver | L36: 2085 | M36: 201
A37: 66585 | B37: 45769 | C37: 0.54652778 | D37: eLePhant And CaSTlE | E37: Victoria | F37: UberX | G37: 245 | H37: Completed | I37: 63.15 | J37: 8.6 | K37: 5 | L37: 2151 | M37: 207 | N37: No AC | P37: Passenger was rude
A38: 71207 | B38: 45939 | C38: 0.94861111 | D38: eLepHaNT AND CAstLe | E38: Canary Wharf | F38: Uber Comfort | G38: 225 | H38: Cancelled | L38: 1950 | M38: 205 | O38: Change my mind
A39: 76171 | B39: 45665 | C39: 0.5875 | D39: NOTTING HILL | E39: Victoria | F39: UberXL | G39: 204 | H39: Completed | I39: Â£35.25 | J39: 5.41 | K39: 2 | L39: 1266 | M39: 260 | N39: Driver was rude | P39: Passenger was calm
A40: 82104 | B40: 45922 | C40: 0.34583333 | D40: oxford circus | E40: London Bridge | F40: Uber Comfort | G40: 236 | H40: Completed | I40: 70.64 | J40: 19.38 | K40: 3 | L40: 1693 | M40: 232 | N40: Driver was rude | P40: Passenger was rude
A41: 87497 | B41: 45700 | C41: 0.96944444 | D41: VIctoriA | E41: Shoreditch | F41: UberX | G41: 245 | H41: No Driver | L41: 1938 | M41: 237
A42: 26668 | B42: 45998 | C42: 0.67013889 | D42: vIcTorIa | E42: Oxford Circus | F42: UberXL | G42: 217 | H42: Completed | I42: Â£64.79 | J42: 26.15 | K42: 4 | L42: 1898 | M42: 249 | N42: Nice ride | P42: Passenger was calm
A43: 36814 | B43: 45810 | C43: 0.35625 | D43: CanArY WHArF | E43: King's Cross | F43: UberXL | G43: 215 | H43: Completed | I43: 40.12 | J43: 24.15 | K43: 2 | L43: 1359 | M43: 232 | N43: Nice ride | P43: Passenger was calm
A44: 99249 | B44: 45976 | C44: 0.27777778 | D44: VIcTORia | E44: Greenwich | F44: Uber Comfort | G44: 222 | H44: Completed | I44: 28.32 | J44: 3.94 | K44: 4 | L44: 1718 | M44: 248 | N44: Different driver | P44: Passenger was rude
A45: 56691 | B45: 45770 | C45: 0.01875 | D45: eLEPhAnT AND CastlE | E45: Brixton | F45: UberX | G45: 229 | H45: Completed | I45: 38.12 | J45: 25.51 | K45: 2 | L45: 1847 | M45: 206 | N45: Different car from app | P45: Passenger was rude
A46: 71113 | B46: 45755 | C46: 0.78819444 | D46: elephant and castle | E46: Stratford | F46: UberX | G46: 201 | H46: Completed | I46: 73.65 | J46: 2.88 | K46: 2 | L46: 1949 | M46: 227 | N46: Driver was rude | P46: Passenger was rude
A47: 72334 | B47: 45690 | C47: 0.62777778 | D47: KINg's CrOSs | E47: King's Cross | F47: UberX | G47: 226 | H47: Cancelled | L47: 1169 | M47: 236 | O47: Driver was rude
A48: 85810 | B48: 45793 | C48: 0.45347222 | D48: paddington | E48: LONDON BRIDGE | F48: UberXL | G48: 226 | H48: Cancelled | L48: 1533 | M48: 213 | O48: Long wait time
A49: 44796 | B49: 45960 | C49: 0.62777778 | D49: paddington | E49: King's Cross | F49: Uber Comfort | G49: 220 | H49: Cancelled | L49: 1251 | M49: 242 | O49: Not the same driver
A50: 86592 | B50: 45989 | C50: 0.60277778 | D50: KINg's CROss | E50: London Bridge | F50: UberXL | G50: 258 | H50: Completed | I50: 53.59 | J50: 27.33 | K50: 4 | L50: 1527 | M50: 200 | N50: Different driver | P50: Passenger was rude
A51: 23517 | B51: 45687 | C51: 0.11041667 | D51: brIXtOn | E51: gREenwiCH | F51: UberX | G51: 259 | H51: Completed | I51: Â£22.54 | J51: 24.41 | K51: 5 | L51: 1104 | M51: 226 | N51: Different car from app | P51: Passenger was rude
A52: 72651 | B52: 45794 | C52: 0.90902778 | D52: waTerLOo | E52: Shoreditch | F52: UberXL | G52: 201 | H52: Completed | I52: 79.39 | J52: 20.19 | K52: 1 | L52: 1211 | M52: 212 | N52: Car was bad | P52: Passenger was rude
A53: 35483 | B53: 45697 | C53: 0.51111111 | D53: KING'S CROSS | E53: CANARY WHARF | F53: Uber Comfort | G53: 216 | H53: Completed | I53: Â£35.66 | J53: 10.59 | K53: 1 | L53: 1245 | M53: 224 | N53: No AC | P53: Passenger was calm
A54: 91685 | B54: 45989 | C54: 0.66944444 | D54: PadDInGTON | E54: paddington | F54: UberX | G54: 230 | H54: Completed | I54: Â£33.42 | J54: 10.39 | K54: 1 | L54: 1647 | M54: 218 | N54: Different driver | P54: Passenger was calm
A55: 13938 | B55: 46017 | C55: 0.066666667 | D55: king's cross | E55: Elephant and Castle | F55: UberXL | G55: 243 | H55: Completed | I55: Â£79.0 | J55: 24.59 | K55: 2 | L55: 1684 | M55: 234 | N55: Different car from app | P55: Passenger was calm
A56: 85472 | B56: 45770 | C56: 0.060416667 | D56: SHOREDITCH | E56: BRIXTON | F56: Uber Comfort | G56: 240 | H56: Cancelled | L56: 2074 | M56: 222 | O56: Change my mind
A57: 12725 | B57: 45933 | C57: 0.11458333 | D57: LONDON BRIDGE | E57: STratFORD | F57: UberX | G57: 207 | H57: Cancelled | L57: 1078 | M57: 247 | O57: Accidental request
A58: 32632 | B58: 45901 | C58: 0.49930556 | D58: LOnDoN bRIdge | E58: Paddington | F58: UberXL | G58: 245 | H58: No Driver | L58: 1489 | M58: 246
A59: 34461 | B59: 45827 | C59: 0.78194444 | D59: OXFORD CIRCUS | E59: Greenwich | F59: UberXL | G59: 229 | H59: Cancelled | L59: 1931 | M59: 202 | O59: Not the same driver
A60: 22029 | B60: 45806 | C60: 0.98680556 | D60: brixton | E60: Euston | F60: Uber Comfort | G60: 232 | H60: No Driver | L60: 1883 | M60: 247
A61: 85644 | B61: 45704 | C61: 0.17013889 | D61: EUSTON | E61: Brixton | F61: UberXL | G61: 258 | H61: Completed | I61: Â£60.62 | J61: 14.84 | K61: 2 | L61: 1348 | M61: 236 | N61: Driver was rude | P61: Passenger was rude
A62: 70267 | B62: 45904 | C62: 0.39583333 | D62: cAmDEN | E62: Camden | F62: Uber Comfort | G62: 200 | H62: No Driver | L62: 2145 | M62: 200
A63: 68154 | B63: 45666 | C63: 0.060416667 | D63: notting hill | E63: Victoria | F63: UberXL | G63: 228 | H63: Completed | I63: 54.73 | J63: 13.96 | K63: 1 | L63: 1067 | M63: 212 | N63: Different car from app | P63: Passenger was calm
A64: 20173 | B64: 45926 | C64: 0.71597222 | D64: euston | E64: victoria | F64: UberX | G64: 240 | H64: Completed | I64: 42.67 | J64: 3.15 | K64: 4 | L64: 1422 | M64: 200 | N64: Different driver | P64: Passenger was rude
A65: 61124 | B65: 45816 | C65: 0.23680556 | D65: CANARY WHARF | E65: King's Cross | F65: UberXL | G65: 211 | H65: No Driver | L65: 1501 | M65: 258
A66: 12669 | B66: 45728 | C66: 0.59513889 | D66: ELEPHANT AND CASTLE | E66: ShoreDITCh | F66: UberX | G66: 252 | H66: Completed | I66: 39.67 | J66: 4.62 | K66: 5 | L66: 2195 | M66: 255 | N66: Car was bad | P66: Passenger was rude
A67: 13034 | B67: 45964 | C67: 0.15069444 | D67: BRIXTON | E67: Victoria | F67: UberXL | G67: 225 | H67: Cancelled | L67: 1470 | M67: 252 | O67: Driver was rude
A68: 35683 | B68: 45860 | C68: 0.70833333 | D68: pADdingTOn | E68: Stratford | F68: Uber Comfort | G68: 201 | H68: Completed | I68: 37.61 | J68: 25.35 | K68: 3 | L68: 1356 | M68: 200 | N68: Different car from app | P68: Passenger was rude
A69: 71220 | B69: 45726 | C69: 0.44097222 | D69: shoreditch | E69: Shoreditch | F69: UberXL | G69: 202 | H69: Completed | I69: Â£16.5 | J69: 4.24 | K69: 2 | L69: 1782 | M69: 203 | N69: Different car from app | P69: Passenger was calm
A70: 87064 | B70: 45989 | C70: 0.17013889 | D70: BRIXtoN | E70: King's Cross | F70: Uber Comfort | G70: 227 | H70: Cancelled | L70: 1398 | M70: 241 | O70: Long wait time
A71: 32918 | B71: 45729 | C71: 0.66527778 | D71: oxford circus | E71: stratford | F71: Uber Comfort | G71: 237 | H71: Completed | I71: Â£36.07 | J71: 3.13 | K71: 5 | L71: 1804 | M71: 238 | N71: Car was bad | P71: Passenger was calm
A72: 39026 | B72: 45762 | C72: 0.36944444 | D72: STRATFORD | E72: Victoria | F72: UberX | G72: 212 | H72: No Driver | L72: 1741 | M72: 207
A73: 32157 | B73: 46018 | C73: 0.075 | D73: NOTTING HILL | E73: King's Cross | F73: UberX | G73: 238 | H73: Completed | I73: 39.3 | J73: 27.07 | K73: 4 | L73: 2139 | M73: 241 | N73: Nice ride | P73: Passenger was calm
A74: 28963 | B74: 45937 | C74: 0.022222222 | D74: STRATFORD | E74: shoreditch | F74: Uber Comfort | G74: 241 | H74: Completed | I74: 66.56 | J74: 11.14 | K74: 1 | L74: 1513 | M74: 252 | N74: Driver was rude | P74: Passenger was calm
A75: 93436 | B75: 45919 | C75: 0.3 | D75: oxford circus | E75: Stratford | F75: UberX | G75: 211 | H75: Completed | I75: 27.4 | J75: 4.16 | K75: 2 | L75: 1442 | M75: 244 | N75: Different car from app | P75: Passenger was rude
A76: 74083 | B76: 45925 | C76: 0.94513889 | D76: NOTTINg HiLl | E76: nOtTINg HiLL | F76: UberXL | G76: 260 | H76: Cancelled | L76: 1928 | M76: 200 | O76: Not the same car
A77: 81275 | B77: 45682 | C77: 0.47986111 | D77: ELEPHANT AND CASTLE | E77: London Bridge | F77: UberXL | G77: 216 | H77: Completed | I77: 38.6 | J77: 14.49 | K77: 5 | L77: 1586 | M77: 225 | N77: Driver was rude | P77: Passenger was rude
A78: 33402 | B78: 45814 | C78: 0.063194444 | D78: VICTORIA | E78: Elephant and Castle | F78: UberXL | G78: 224 | H78: Cancelled | L78: 1008 | M78: 230 | O78: Driver was rude
A79: 15830 | B79: 45915 | C79: 0.84236111 | D79: brixton | E79: bRIxtoN | F79: UberXL | G79: 242 | H79: Completed | I79: 80.41 | J79: 8.81 | K79: 1 | L79: 1045 | M79: 201 | N79: Car was bad | P79: Passenger was calm
A80: 90971 | B80: 45918 | C80: 0.18125 | D80: CAMDEN | E80: Shoreditch | F80: UberX | G80: 217 | H80: Completed | I80: Â£17.54 | J80: 26.41 | K80: 4 | L80: 1545 | M80: 213 | N80: Different car from app | P80: Passenger was calm
A81: 72199 | B81: 45897 | C81: 0.62430556 | D81: EUSTON | E81: Elephant and Castle | F81: UberX | G81: 254 | H81: Completed | I81: 26.13 | J81: 6.28 | K81: 2 | L81: 1593 | M81: 219 | N81: Nice ride | P81: Passenger was rude
A82: 37527 | B82: 45967 | C82: 0.93472222 | D82: canary wharf | E82: Greenwich | F82: UberX | G82: 256 | H82: Completed | I82: Â£35.92 | J82: 5.24 | K82: 5 | L82: 1340 | M82: 229 | N82: Different car from app | P82: Passenger was calm
A83: 84107 | B83: 45770 | C83: 0.74791667 | D83: pAddingToN | E83: Camden | F83: UberX | G83: 230 | H83: Cancelled | L83: 1199 | M83: 231 | O83: Not the same car
A84: 14531 | B84: 45769 | C84: 0.42152778 | D84: SHOREDITCH | E84: Oxford Circus | F84: UberX | G84: 218 | H84: Cancelled | L84: 1767 | M84: 239 | O84: Driver was rude
A85: 14285 | B85: 45804 | C85: 0.58402778 | D85: ELePhaNt And CaStLE | E85: Camden | F85: Uber Comfort | G85: 257 | H85: No Driver | L85: 1146 | M85: 238
A86: 47448 | B86: 45987 | C86: 0.99861111 | D86: PADDINGTON | E86: King's Cross | F86: Uber Comfort | G86: 242 | H86: Completed | I86: 79.29 | J86: 0.92 | K86: 1 | L86: 1506 | M86: 239 | N86: Nice ride | P86: Passenger was rude
A87: 95424 | B87: 45726 | C87: 0.097916667 | D87: elephant and castle | E87: Victoria | F87: UberXL | G87: 237 | H87: Completed | I87: Â£8.02 | J87: 24.06 | K87: 1 | L87: 1678 | M87: 215 | N87: Different driver | P87: Passenger was calm
A88: 94229 | B88: 45811 | C88: 0.25416667 | D88: lONdON BRIdGe | E88: King's Cross | F88: Uber Comfort | G88: 254 | H88: Cancelled | L88: 1724 | M88: 258 | O88: Not the same car
A89: 44301 | B89: 45728 | C89: 0.46597222 | D89: VICtOrIA | E89: Brixton | F89: UberX | G89: 215 | H89: Completed | I89: Â£18.68 | J89: 12.46 | K89: 5 | L89: 1152 | M89: 229 | N89: Car was bad | P89: Passenger was calm
A90: 95592 | B90: 45699 | C90: 0.38819444 | D90: greenwich | E90: Paddington | F90: UberX | G90: 233 | H90: Completed | I90: Â£21.96 | J90: 12.91 | K90: 4 | L90: 1882 | M90: 252 | N90: Driver was rude | P90: Passenger was rude
A91: 65473 | B91: 45776 | C91: 0.92569444 | D91: canary wharf | E91: Elephant and Castle | F91: UberXL | G91: 260 | H91: Completed | I91: Â£83.97 | J91: 23.39 | K91: 5 | L91: 1564 | M91: 246 | N91: Different driver | P91: Passenger was rude
A92: 29058 | B92: 45714 | C92: 0.72638889 | D92: SHOREDITCH | E92: stratford | F92: Uber Comfort | G92: 221 | H92: Completed | I92: 8.9 | J92: 11.01 | K92: 5 | L92: 2132 | M92: 201 | N92: Nice ride | P92: Passenger was rude
A93: 90611 | B93: 46003 | C93: 0.52222222 | D93: NOTtINg hIll | E93: London Bridge | F93: UberX | G93: 247 | H93: Cancelled | L93: 1762 | M93: 223 | O93: Driver was rude
A94: 79367 | B94: 45807 | C94: 0.91180556 | D94: canarY whARF | E94: Waterloo | F94: UberXL | G94: 216 | H94: No Driver | L94: 2066 | M94: 257
A95: 46497 | B95: 45866 | C95: 0.90069444 | D95: victoria | E95: StRAtFOrd | F95: UberX | G95: 201 | H95: No Driver | L95: 1227 | M95: 260
A96: 79578 | B96: 45956 | C96: 0.81875 | D96: canary wharf | E96: Notting Hill | F96: UberX | G96: 246 | H96: Cancelled | L96: 1563 | M96: 213 | O96: Change my mind
A97: 50117 | B97: 45719 | C97: 0.16805556 | D97: waterloo | E97: NOTTING HILL | F97: UberXL | G97: 230 | H97: Completed | I97: Â£30.27 | J97: 12.96 | K97: 4 | L97: 1235 | M97: 214 | N97: Car was bad | P97: Passenger was rude
A98: 46537 | B98: 45887 | C98: 0.38472222 | D98: StrATFORD | E98: Camden | F98: UberX | G98: 240 | H98: Completed | I98: 24.4 | J98: 6.63 | K98: 1 | L98: 1593 | M98: 244 | N98: Different car from app | P98: Passenger was rude
A99: 61732 | B99: 45828 | C99: 0.67430556 | D99: StRaTfORD | E99: London Bridge | F99: UberX | G99: 225 | H99: Completed | I99: 26.88 | J99: 21.99 | K99: 3 | L99: 1694 | M99: 234 | N99: Different car from app | P99: Passenger was rude
A100: 56392 | B100: 45971 | C100: 0.084027778 | D100: SHOreDItCH | E100: Waterloo | F100: UberX | G100: 244 | H100: Completed | I100: 18.35 | J100: 20.08 | K100: 2 | L100: 1347 | M100: 213 | N100: Different car from app | P100: Passenger was rude
...

Sheet Busines Questions
B2: Uber Rides Request Dashboard – Business Story
B4: Business Context
B6: Uber operates a ride-hailing service across major UK cities, handling thousands of ride requests every month.
B7: Management wants to understand how customers use the platform, when demand is highest, where rides are concentrated, and what drives revenue.
B8: Build a dashboard that summarizes ride request activity for 2025 using sample data.
B9: It is designed to help business stakeholders make data-driven decisions around driver allocation, pricing strategy, customer experience, and revenue optimization.
B16: Business Area | C16: Business Question | D16: Metric(s) Used | E16: Dashboard Visual | F16: Business Insight / Why It Matters
B17: Demand Overview | C17: How many ride requests were made in the selected period? | D17: Total Ride Requests | E17: KPI Card – Total Ride Requests | F17: Shows overall platform demand and usage level.
B18: Demand Overview | C18: How many customers are actively using the platform? | D18: Total Active Customers | E18: KPI Card – Total Active Customers | F18: Measures customer adoption and engagement.
B19: Demand Overview | C19: How many drivers are available to serve demand? | D19: Total Active Drivers | E19: KPI Card – Total Active Drivers | F19: Helps assess whether driver supply matches demand.
B20: Operations | C20: How many rides were successfully completed? | D20: Completed Rides | E20: KPI Card – Completed Rides | F20: Indicates operational efficiency and service success rate.
B21: Operations | C21: What percentage of ride requests were cancelled or had no driver? | D21: Ride Status % (Completed, Cancelled, No Driver) | E21: Pie Chart – Ride Status | F21: Highlights service reliability and potential driver shortages.
B22: Customer Experience | C22: Are customers generally satisfied with the service? | D22: Average Rating | E22: KPI Card – Average Rating | F22: Tracks customer satisfaction and service quality.
B23: Time Analysis | C23: At what time of day is ride demand highest? | D23: Total Ride Requests by Hour | E23: Line Chart – Peak Hour for Ride Activity | F23: Supports driver scheduling and surge pricing decisions.
B24: Time Analysis | C24: How does ride demand change across months? | D24: Monthly Ride Requests | E24: Line Chart – Ride Requests by Date / Month | F24: Identifies seasonal trends and demand fluctuations.
B25: Location Analysis | C25: Which locations generate the highest ride demand? | D25: Ride Requests by Pickup Location | E25: Bar Chart – Top 5 Pickup Locations | F25: Helps prioritize driver allocation in high-demand areas.
B26: Revenue Analysis | C26: How much total revenue is generated? | D26: Total Revenue | E26: KPI Card – Total Revenue | F26: Measures overall financial performance.
B27: Revenue Analysis | C27: How much revenue is earned per ride on average? | D27: Revenue per Ride | E27: KPI Card – Revenue per Ride | F27: Indicates pricing efficiency and ride value.
... B56: Experience Analysis | C56: Does time of day affect ride success? | D56: Completion Rate by Time of Day | E56: Time Category × Completion % | F56: Improves service planning.
B58: Assignment Rule:
B59: Each student must build at least 5 summary tables and explain one business decision that management can take from each table.

Sheet Dashboard (2)
